dataset,platform,split,label,text_clean,context_clean,has_context,context_n_words,n_chars,n_words,n_sentences,avg_word_len,n_exclam,n_question,n_ellipsis,n_repeat_punct,n_allcaps_words,allcaps_ratio,n_emoji,n_elongation,n_scare_quotes,n_urls,n_mentions,n_hashtags,n_interjections,starts_with_interjection,n_context_turns
figlang_reddit,reddit,train,1,safe space = comfort + power white people can't feel unsafe,"Yale SJWs screaming at professor yesterday because he isn't making the university enough of a ""safe space"" by denouncing offensive Halloween costumes. || Because having a woman scream in your face, remove her backpack, and move closer to you is creating a safe space too.",True,44,59,9,1,5.222222222222222,0,0,0,0,0,0.0,0,0,0,0,0,0,0,False,2.0
figlang_reddit,reddit,train,1,YA I SAW THAT CHASING THE CUP TOO HE MUST BE A THE MOST INTROVERTED FK EVER WHY DID CLG EVEN MAKE HIM A SHOTCALLER,"CLG Link on communication: ""The relationship between the management and the players, as well as the players relationships with each other, must, and will, improve in the future."" || The one who refuses to communicate is talking about player relationships.",True,39,114,25,1,3.6,0,0,0,0,22,0.88,0,0,0,0,0,0,0,False,2.0
figlang_reddit,reddit,train,1,"I love blur, makes it so easy to read","Thank you Firefox for being pretty much the only browser that can render fonts properly on Windows || I think IE does a way better job at font rendering than any other browser on Windows, and that all of them do a pretty poor job compared to OS X and Linux.",True,50,37,9,1,3.111111111111111,0,0,0,0,0,0.0,0,0,0,0,0,0,0,False,2.0
figlang_reddit,reddit,train,1,"Hey, we got a question once... I think you just gotta stop being so greedy","People of Reddit, what's something you've always wanted to ask a a gay person? || Meanwhile, us bisexuals are like, ""Hi, I'm still here!""",True,23,74,15,1,3.7333333333333334,0,0,1,1,0,0.0,0,0,0,0,0,0,0,False,2.0
figlang_reddit,reddit,train,1,"But remember, when the CIA undermines the French elections thats not hacking","How illegal is to meet a girl at a bar, drink a lot with her, take her to your home and while she is unconscious use her phone to like your own photos on Instagram? || I think this fits the federal hacking definition of ""unauthorized access to any system"" - which means you're probably looking at a felony with a couple years of jail time depending on the prosecutor.",True,68,76,12,1,5.333333333333333,0,0,0,0,1,0.08333333333333333,0,0,0,0,0,0,0,False,2.0
figlang_reddit,reddit,train,1,"Yes, we should all save our outrage and criticisms for the next Republican president!","IRS e-mail hearing gets heated over hard drive crash || Apparently since trying to get their way with 50+ repeal attempts of the Affordable Care Act, and 14+ inquiries about Benghazi worked so well they're going to try to beat the IRS ""scandal"" like the dead horse it is.",True,47,85,14,1,5.0,1,0,0,0,0,0.0,0,0,0,0,0,0,0,False,2.0
figlang_reddit,reddit,train,1,"Man, I've seen more than that on a Friday night!",The US just confiscated a $180 million boat shipment of cocaine from Colombian drug traffickers || ITT: People think 5 tonnes is not a lot of cocaine,True,24,48,10,1,3.7,1,0,0,0,0,0.0,0,0,0,0,0,0,0,False,2.0
figlang_reddit,reddit,train,1,"Everyone knows the Wendy's frosty French fry combo, amateur.",What are the weirdest food combinations that are surprisingly good? || French fries dipped in a milk shake.,True,17,60,9,1,5.555555555555555,0,0,0,0,0,0.0,0,0,0,0,0,0,0,False,2.0
figlang_reddit,reddit,train,1,I think Bryce Petty's injury was actually to his arm,Del Rio says Carr has a broken fibula || Unbelievable to lose two young franchise QB's to the same injury on the same day,True,23,52,10,1,4.3,0,0,0,0,0,0.0,0,0,0,0,0,0,0,False,2.0
figlang_reddit,reddit,train,1,Yea dude his runes are just that good,"TOAN 3rd Place Global Finish AGAIN... (~64min) || Speaking of rankings, is it normal for there to be a level 18 ranked first on TOAH?",True,23,37,8,1,3.75,0,0,0,0,0,0.0,0,0,0,0,0,0,1,True,2.0
figlang_reddit,reddit,train,1,"No, it's totally not unethical to accept gifts before reviewing products.",Dark Souls 3 might just have the most awesome press review kit ever (Album) || Is this how you get a perfect score?,True,21,73,11,1,5.545454545454546,0,0,0,0,0,0.0,0,0,0,0,0,0,1,False,2.0
figlang_reddit,reddit,train,1,"Yes, but in Swedish society, as in American society, malnourishment is clearly a much bigger health problem than obesity.",Swedish mannequins look considerably healthier than the ones I'm used to. || being slim doesnt make you unhealthy... just sayin,True,19,121,19,1,5.2105263157894735,0,0,0,0,0,0.0,0,0,0,0,0,0,1,False,2.0
figlang_reddit,reddit,train,1,they're red oak and mahogany stained on the inside,"Art Acevedo is staying in Austin, with a raise || Why can't the city afford to fix the windows that are still boarded up on the front of police headquarters?",True,29,50,9,1,4.666666666666667,0,0,0,0,0,0.0,0,0,0,0,0,0,0,False,2.0
figlang_reddit,reddit,train,1,I like paying $64 for a $50 Steam gift card,Sounds like a great deal to me || That's what it feels like for Australians :(,True,14,43,8,1,3.5,0,0,0,0,0,0.0,0,0,0,0,0,0,0,False,2.0
figlang_reddit,reddit,train,1,"Somewhere, Popovich is taking out his notebook and writing this down.",Luke Walton on dealing with today's younger generation of players and how it's different than what older generations experienced || Around 27 other head coaches should be listening very closely to everything Luke is saying here,True,34,69,11,1,5.181818181818182,0,0,0,0,0,0.0,0,0,0,0,0,0,0,False,2.0
figlang_reddit,reddit,train,1,"Wait, you don't want 3 variations of the seeker helmet?","Introducing our new Bravo343 personal Assault Rifle, 343 PLZ! || I will think of this skin every time I open a req pack in hopes of getting something I actually want.",True,29,55,9,1,4.777777777777778,0,1,0,0,0,0.0,0,0,0,0,0,0,0,False,2.0
figlang_reddit,reddit,train,1,They should get the guys who did dragon ball GT to do book 5!,"First 2 episodes of LOK book 2 will be aired back to back, first 6 episode titles revealed + more. || They should stop after Book 4 and with the continuing popularity, have a new series with a different avatar",True,34,61,13,1,3.5384615384615383,1,0,0,0,1,0.07692307692307693,0,0,0,0,0,0,0,False,2.0
figlang_reddit,reddit,train,1,"Keep it up, lib, you're going to make 2020 easy for us.","Donald Trump's staff get him to agree to policies by saying 'Obama wouldn't have done it' || The phrase ""not everyone who voted for Trump is an idiot"" gets less and less meaningful by the day.",True,35,55,11,1,3.3636363636363638,0,0,0,0,0,0.0,0,0,0,0,0,0,0,False,2.0
figlang_reddit,reddit,val,1,Cause it sounds cool and foreign and badass,This guy was a badass from an early age || Why the hell does everyone know Krav Maga now?,True,18,43,8,1,4.5,0,0,0,0,0,0.0,0,0,0,0,0,0,0,False,2.0
figlang_reddit,reddit,train,1,"Hey bdew, why is there no Forestry support in NEI Addons?","Forestry 4.0 will have NEI machine recipe support built-in || Yay, maybe finally people will stop opening bugs about them missing from NEI Addons (hint: they were never in NEI Addons!)",True,30,57,11,1,4.090909090909091,0,1,0,0,1,0.09090909090909091,0,0,0,0,0,0,0,False,2.0
figlang_reddit,reddit,train,1,"Yeah, Because Kimora is Clearly the Comedy Queen of the Season.","UNTUCKED: RuPaul's Drag Race Season 9 Episode 4 ""Good Morning B*tches"" || Anyone else notice they're sending home all the comedy queens?",True,20,63,11,1,4.636363636363637,0,0,0,0,0,0.0,0,0,0,0,0,0,2,True,2.0
figlang_reddit,reddit,train,1,Look at this cis gender individual being so phobic in 2017!,Just Waiting On This To Come To A Head || The nail to beard ratio is kind of throwing me off.,True,20,59,10,1,4.4,1,0,0,0,0,0.0,0,0,0,0,0,0,0,False,2.0
figlang_reddit,reddit,train,1,Don't worry man NIP will learn from this and cut him from the roster as it is obviously him and NOT Friberg weighing the team down,God-o-meter (How many times a player was called god during Cologne) || GOD Pyth when they didn't even make Legend status... Ouch.,True,23,130,26,1,4.038461538461538,0,0,0,0,2,0.07692307692307693,0,0,0,0,0,0,1,False,2.0
figlang_reddit,reddit,train,1,Yeah but what if it was only 995m tho?,1 billion+ dollar divorce award is inadequate || If someone gave me a billion dollars to never see them again.....I would be totally OK with it.,True,25,38,9,1,2.888888888888889,0,1,0,0,0,0.0,0,0,0,0,0,0,1,True,2.0
figlang_reddit,reddit,train,1,"He hit a woman too, at this rate he will be released.","Thiago Silva released again; Anthony Johnson indefinitely suspended || Jeez, is Gustafsson ever going to fight again?",True,16,53,12,1,3.3333333333333335,0,0,0,0,0,0.0,0,0,0,0,0,0,0,False,2.0
figlang_reddit,reddit,train,1,ya it's horrible that you have to tell 'the help' your name at all.,"People who have worked at Starbucks, did you have to misspell peoples' names for marketing purposes? || i would guess the people working there are just slow in general hence all the miss spelling.",True,33,67,14,1,3.7857142857142856,0,0,0,0,0,0.0,0,0,0,0,0,0,0,False,2.0
figlang_reddit,reddit,train,1,"As long as they can keep accomplishing that, it proves that we're still a free country!",'Burner' phones could be made illegal under US law that would require personal details of anyone buying a new handset || They found some freedom they could take away!,True,28,87,16,1,4.375,1,0,0,0,0,0.0,0,0,0,0,0,0,0,False,2.0
figlang_reddit,reddit,train,1,"Yep, Seinfeld has been popular for nearly 25 years because the entire country is pretending to like it.","TIL: Repeats of the 180-episode sitcom Seinfeld has generated over $3 billion in syndication royalties. || Did/does anybody honestly ever think Seinfeld was funny or was it all just a case of ""look at me, I'm so sophisticated, I get the funny""?",True,41,103,17,1,4.823529411764706,0,0,0,0,0,0.0,0,0,0,0,0,0,1,True,2.0
figlang_reddit,reddit,train,1,Pretty sure Ram would approve of destroying a place of worship and creating a ruckus in order to build a temple dedicated to him at a particular site at his hometown.,"A Hindutva Thug forcing a Muslim man to say ""Jai Shri Ram"" || If Ram were to appear here, whose side would he take?",True,23,166,31,1,4.354838709677419,0,0,0,0,0,0.0,0,0,0,0,0,0,1,False,2.0
figlang_reddit,reddit,train,1,that's what you get for watching cable while eating dinner uncultured swine,"What products will you never buy just because you hate their commercials? || Musinex back when they personified snot-balls, and then as the kid coughs, they start whirling around inside the kid's stomach/lungs, it's 7:00 at night people are trying to eat God Damn-it!",True,45,75,12,1,5.333333333333333,0,0,0,0,0,0.0,0,0,0,0,0,0,0,False,2.0
figlang_reddit,reddit,train,1,Xbox One can stream to Windows 10 so now all Xbox games are PC games too.,Since when have we got an Ad? || why is master chief on there lol.,True,14,73,15,1,3.6666666666666665,0,0,0,0,1,0.06666666666666667,0,0,0,0,0,0,0,False,2.0
figlang_reddit,reddit,train,1,"Yes, cause Islam is a curse to humanity and need to be eliminated.","Migrants killed in 'religious clash' on Mediterranean boat, 15 Muslim migrants allegedly threw 12 Christians overboard following a row on a boat headed to Italy || These are the kinds of people that are flooding Europe... boy oh boy.",True,36,66,13,1,4.0,0,0,0,0,0,0.0,0,0,0,0,0,0,0,False,2.0
figlang_reddit,reddit,train,1,"Yeah, because Druid has always been the OP tier class",Mean Streets of Gadgetzan Card Reveal: Jade Idol || maybe I'm crazy but this seems like its gonna be broken why does Blizzard always give Druid the insane stupid cards,True,29,53,10,1,4.3,0,0,0,0,1,0.1,0,0,0,0,0,0,1,True,2.0
figlang_reddit,reddit,train,1,He just wanted to disappear without seeing his face on the news in Bolivia,Robin Williams banned use of image for 25 years after his death. || Why did they kill him you reckon?,True,18,74,14,1,4.357142857142857,0,0,0,0,0,0.0,0,0,0,0,0,0,0,False,2.0
figlang_reddit,reddit,train,1,This is what happens when you build character and not train intensively.,"Jordon Ibe has picked up a hamstring injury in training || Somewhere, Brendan Rodgers has a Liverpool player voodoo doll and is doing all this.",True,24,72,12,1,5.0,0,0,0,0,0,0.0,0,0,0,0,0,0,0,False,2.0
figlang_reddit,reddit,train,1,"Yeah, but I'm not sure that child slavery is something we should condone just because we could make a quick buck.","So many political promises, so little money coming in || Legalizing certain things would result in some sort of cash flow in the short term.",True,24,113,21,1,4.333333333333333,0,0,0,0,0,0.0,0,0,0,0,0,0,2,True,2.0
figlang_reddit,reddit,train,1,Oh yes he will totally be able to silence science on a global scale.,Judge rules school children can pursue climate change lawsuit against Washington State || Can't wait for the Trump administration to put an end to this nonsense.,True,25,68,14,1,3.857142857142857,0,0,0,0,0,0.0,0,0,0,0,0,0,2,True,2.0
figlang_reddit,reddit,train,1,The same Google that is reknowned for having excellent customer service.,Comcast CEO has a ridiculous explanation for why everyone hates his company || And he scratched his head in deep puzzlement as people paid more for Google Fiber.,True,27,72,11,1,5.545454545454546,0,0,0,0,0,0.0,0,0,0,0,0,0,0,False,2.0
figlang_reddit,reddit,train,1,Yes I agree I tested with IE 8 and 10 but never saw the ads OP is a liar,So IE is showing these ads now || It is no way related to IE.,True,14,72,17,1,3.0,0,0,0,0,2,0.11764705882352941,0,0,0,0,0,0,0,False,2.0
figlang_reddit,reddit,val,1,No you are just being sexist a 14 year old girl who plays against prepubescent boys could totally compete once they become grown men,What year will it be when a female makes it to the majors? || mo'ne may make it to single A if that counts || stop no,True,25,132,23,1,4.6521739130434785,0,0,0,0,0,0.0,0,0,0,0,0,0,1,False,3.0
figlang_reddit,reddit,train,1,Our gay marriage legalization is finally coming home to roost.,"Latest Massachusetts Weekend Forecast || So this is it..the snow will keep falling until all of us are buried underneath it. || and on the 10th day.. god said ""Fuck you Massachusetts"" and proceeded to bury them alive",True,37,62,10,1,5.2,0,0,0,0,0,0.0,0,0,0,0,0,0,0,False,3.0
figlang_reddit,reddit,train,1,No where near F.O.O.L & PYLOT though.,"Varien receives bullshit collab list, confirms one of them is actually happening || and here i am still waiting on that varien x halo nova collab || twothirds x lvther would be cool too || DotEXE x Summer Was Fun tho. || What about F.O.O.L and Falcon Funk? || Not as cool as TVDS & Atmozfears imo",True,54,37,9,4,2.888888888888889,0,0,0,0,1,0.1111111111111111,0,0,0,0,0,0,0,False,6.0
figlang_reddit,reddit,train,1,"Im sure the law firms representing both sides will be equally skilled, staffed, and compensated too.",Six of the largest banks in the world have been collectively fined over $4 billion by regulators for manipulating the world's foreign exchange rates || And how many people were arrested? || My understanding is there are trials ahead.,True,36,100,16,1,5.125,0,0,0,0,0,0.0,0,0,0,0,0,0,1,False,3.0
figlang_reddit,reddit,train,1,"oh ok, he totally deserved it then","Man says he feared for his life when anti-Trump demonstrators trashed his car || ""i was just driving by"" after going mudding in the middle of the city, apparently. || With American flags on.",True,33,34,7,1,3.857142857142857,0,0,0,0,0,0.0,0,0,0,0,0,0,3,True,3.0
figlang_reddit,reddit,train,1,"I don't know, Ken Ham did a pretty good job.",Canadian Olympic Curling team || What I learned from reddit today: All Canadian female Winter Olympic athletes are attractive. || You can't argue with science.,True,23,44,10,1,3.3,0,0,0,0,0,0.0,0,0,0,0,0,0,0,False,3.0
figlang_reddit,reddit,train,1,But I thought only white people could be racist?,"Rekt. || China is a fucking shithole and produces a lot of rude, selfish people. || Extremely racist too.",True,17,48,9,1,4.333333333333333,0,1,0,0,0,0.0,0,0,0,0,0,0,0,False,3.0
figlang_reddit,reddit,train,1,"No, it's coming in next week's patch :)","New runeccape boss - Max Giant || Wait, is this real or a glitch? || build a boss at runefest (im 99% sure it's a joke and won't be implemented)",True,26,39,7,1,4.142857142857143,0,0,0,0,0,0.0,0,0,0,0,0,0,0,False,3.0
figlang_reddit,reddit,val,1,He didn't even finish the left side!,New tattoo finally healed! || That artist must not have been tattooing long || How so?,True,14,36,7,1,4.142857142857143,1,0,0,0,0,0.0,0,0,0,0,0,0,0,False,3.0
figlang_reddit,reddit,train,1,Just yesterday I got a pink sleeper stimulant from my bronze package!,Has anyone recieved a 320 exotic from trails bounties? || Trials* || I got a Sleeper Stimulant!,True,14,69,12,1,4.75,1,0,0,0,0,0.0,0,0,0,0,0,0,0,False,3.0
figlang_reddit,reddit,train,1,"Yeah, but what was his WAR?","MadBum becomes only player in post season history with 2 shutouts in winner-take all games 9 IP, 4 hits, 0 ER, 2 BB, 6k || Is it safe to say that MadBum is the greatest post-season pitcher of all time yet? || Christy Mathewson has 100 innings with an ERA under 1 and that's only in the World Series.",True,52,27,6,1,3.3333333333333335,0,1,0,0,1,0.16666666666666666,0,0,0,0,0,0,1,True,3.0
figlang_reddit,reddit,train,1,"DAE hat old people, they suck with their wrinkles and dementia.",Two older Saudi gentlemen experience their first flight || This is adorable. || The technological ignorance of old people is always adorable.,True,20,63,11,1,4.636363636363637,0,0,0,0,1,0.09090909090909091,0,0,0,0,0,0,0,False,3.0
figlang_reddit,reddit,train,1,Nope poverty is obviously a disease.,I like this meme concept || Dude is this a legit statistic? || Well yes but blacks have the highest poverty rates which shows just how poverty causes crime,True,27,36,6,1,5.0,0,0,0,0,0,0.0,0,0,0,0,0,0,1,False,3.0
figlang_reddit,reddit,train,1,they wanted to have more children maybe?,Shocking Footage: Car Rolls Over Three Children; Driver allegedly looking at cellphone. || My initial question was why were the kids sitting in the middle of the parking lot? || That's what kids do in China because their parents are brainless fucktards.,True,40,40,7,1,4.714285714285714,0,1,0,0,0,0.0,0,0,0,0,0,0,0,False,3.0
figlang_reddit,reddit,train,1,"yes, because if he says those words i will repeat them all day","EuroTerrans || Besides the fact that Cloud is a whiner, pro players really should not be using language like that. || Does it really matter?",True,23,62,13,1,3.769230769230769,0,0,0,0,0,0.0,0,0,0,0,0,0,0,False,3.0
figlang_reddit,reddit,train,1,But it would be so much more realistic!,"Even while driving. || It kinda bothers me about walking dead, how everyone has unlimited ammo, no recoil, and can headshsot zombies in a car doing doughnuts going 60km in the dark. || i mean how good would the show really be if the characters spent their entire round trying to headshot zombies but actually only headshot'd one and then got overrun",True,60,39,8,1,3.875,1,0,0,0,0,0.0,0,0,0,0,0,0,0,False,3.0
figlang_reddit,reddit,train,1,"Yes, the political situation in the UK is exactly like that in V for Vendetta.",Investigatory Powers Bill: Politicians exempt themselves from new wide-ranging spying laws || Not sure they should have taken v for vendetta so seriously || The only thing that needs to happen now is the uprising at the end.,True,37,78,15,1,4.133333333333334,0,0,0,0,1,0.06666666666666667,0,0,0,0,0,0,0,False,3.0
figlang_reddit,reddit,train,1,"Because games need to have trans characters to not be transphobic, and since Blizzard are such horrible people who did not include any, we have to do it for them.","Healing rains from above || ""Mom""? || Other comics on the Tumblr indicate shipping PharahxMercy with D.Va being their adopted kid. || What's with tumblrs obsession with shipping everything and everyone || On another note, why do Tumblr kept insisting that everyone is trans?",True,41,162,30,1,4.333333333333333,0,0,0,0,0,0.0,0,0,0,0,0,0,0,False,5.0
figlang_reddit,reddit,train,1,It's showing NASCAR's future Series the Hover Car Series,New NASCAR 15 pic update - Talladega || I would like to direct everyone's attention to the 33 and 1. || They have no tires...that's pretty bad.,True,22,56,9,1,5.333333333333333,0,0,0,0,1,0.1111111111111111,0,0,0,0,0,0,0,False,3.0
figlang_reddit,reddit,train,1,"When you play Mysterious Challenger, your Palladian gets a cool crown","Gamebreaking Hearthstone bug! || It is probably a bad sign when I read the title and thought ""which one is he talking about?"" || what other gamebreaking bugs are there?",True,28,69,11,1,5.2727272727272725,0,0,0,0,0,0.0,0,0,0,0,0,0,0,False,3.0
figlang_reddit,reddit,train,1,But everyone in this thread loves them SO much,"If a player is killed by random crits within a short time after spawning, they should have a shorter respawn time. || better idea: remove random crits from all non-melees, now you wont get killed by a scout hitting one shot and gaben deciding to bless it || please remove random crits from all melees as well ;_; || Problem is that random crits on melees are high enough to be an actual part of balance, so removing it would make some weapons way more powerful, this could be fixed by giving a damage boost to all melees with random crits but considering valve's playtesting i dont want to deal with 9001 damage bottles || Random crits shouldn't be in the game at all.",True,119,46,9,1,4.222222222222222,0,0,0,0,1,0.1111111111111111,0,0,0,0,0,0,0,False,5.0
figlang_reddit,reddit,train,0,Well i mean i hate defeners but i still love BR just because it is actually great regardless of what decade it was made in,Comedian makes a joke about music on Twitter - Defener answers || I hate how people who like to act like they think they have super unique and good taste in music always refer to BR as the all time best song ever.,True,41,122,25,1,3.92,0,0,0,0,1,0.04,0,0,0,0,0,0,2,True,2.0
figlang_reddit,reddit,val,0,"Even if the CBC gives the give to Hanomansing, will that be enough to placate the SJWs?",Surely one less white male on national TV won't kill us || Surely one more POC on national television won't save us.,True,21,87,17,1,4.0588235294117645,0,1,0,0,1,0.058823529411764705,0,0,0,0,0,0,0,False,2.0
figlang_reddit,reddit,train,0,"i guess if it affects the stock prices ""significantly"" i think Vince would take action to it",Fans want WWE to fire JBL as bullying stories emerge || Crossing my fingers that this gets too big for Vince to ignore and JBL gets whats coming to him.,True,29,92,17,1,4.352941176470588,0,0,0,0,0,0.0,0,0,1,0,0,0,0,False,2.0
figlang_reddit,reddit,train,0,The fact that the serious tag needs to exist bothers me.,What part of Reddit culture annoys you? || The puns and satirical comments of redditors on my serious posts,True,18,56,11,1,4.090909090909091,0,0,0,0,0,0.0,0,0,0,0,0,0,0,False,2.0
figlang_reddit,reddit,val,0,Remember how every person in the world complains about their politicians?,"At least 10 Yemeni women and children, US serviceman killed in first raid ordered by Donald Trump || Remember when Trump supporters complained about obama killing people?",True,25,73,11,1,5.636363636363637,0,1,0,0,0,0.0,0,0,0,0,0,0,0,False,2.0
figlang_reddit,reddit,train,0,"As a great man once said, ""check out sex tape.""","'Teresa May': White House spells Theresa May's name wrong three times in memo ahead of visit || Teresa May is also the name of an adult model, which is an unfortunate coincidence",True,31,47,10,1,3.4,0,0,0,0,0,0.0,0,0,1,0,0,0,1,False,2.0
figlang_reddit,reddit,train,0,"I could say the same thing about people who eat meat unnecessarily, which has a much worse environmental impact than littering, but Reddit doesn't like when such things are said.",Tim Hortons removing garbage cans from their drive thru... This is a result || I can never understand people who litter.,True,20,178,30,1,4.866666666666666,0,0,0,0,0,0.0,0,0,0,0,0,0,0,False,2.0
figlang_reddit,reddit,train,0,"Well, you're not wrong (about the uniform part)","Which teams do you think need a uniform change? || I want to say Penn State, but then they'll downvote me until I owe reddit karma.",True,25,47,8,1,4.625,0,0,0,0,0,0.0,0,0,0,0,0,0,1,True,2.0
figlang_reddit,reddit,train,0,"Oh hey tumblr, how'd you get on Reddit?",I want to save him from himself. || People who are so self-centered that they don't realize that women don't exist just to please them,True,25,39,8,1,3.75,0,1,0,0,0,0.0,0,0,0,0,0,0,1,True,2.0
figlang_reddit,reddit,train,0,"The sky above the garbage pit was the color of a monitor, set to a reddit discussion on Black Lives Matter.","""BLM's plan seems to be ""make everyone hate us and ignore out message."""" || 'cyberpunk' lmao smashing injustice until that injustice benefits white people",True,23,107,21,1,4.0476190476190474,0,0,0,0,0,0.0,0,0,0,0,0,0,0,False,2.0
figlang_reddit,reddit,train,0,"Apart from the Arkham games and Young Justice, I feel like Tim has been completely ignored outside the comics for the last few years.",Kevin Conroy and Mark Hamill tease 'Hush' and 'Death in the Family' animated films || How about a mention of Tim drake for fucks sake,True,24,133,24,1,4.5,0,0,0,0,0,0.0,0,0,0,0,0,0,0,False,2.0
figlang_reddit,reddit,train,0,We could handle it by rolling a die and get better results most of the time.,"Trump On 3 AM Tweets: At Least 'I Will Be There, Awake, To Answer The Call!' || Great, so when there's a crisis at 3 AM he'll handle it by tweeting about it?",True,31,76,16,1,3.75,0,0,0,0,0,0.0,0,0,0,0,0,0,0,False,2.0
figlang_reddit,reddit,train,0,I was thinking it was more for asian chicks who want a little edge with their cuteness.,The most awaited collab of the year: A Bathing Ape x Hello Kitty || When you wanna flex but you still in 2nd grade,True,23,87,17,1,4.117647058823529,0,0,0,0,0,0.0,0,0,0,0,0,0,0,False,2.0
figlang_reddit,reddit,train,0,"I don't know about the joke, but ironically nobody would question it if she decided to identify as a white woman, given that's what she looks like.","white knight is absolutely outraged that Mustafa is getting charged for ""satirically"" saying kill all white men || Even if it was satire, what's the joke?",True,25,147,27,1,4.37037037037037,0,0,0,0,0,0.0,0,0,0,0,0,0,0,False,2.0
figlang_reddit,reddit,val,0,"Yeah, I think you should clean all of this usless posts.",This subreddit has more posts about drama than actual FNAF related posts. || im laughing my ass off at the REPORTS of the mod intros ''WHO THE FUCK HIRED THESE KIDS AS MODS'' lmao,True,33,56,11,1,4.0,0,0,0,0,0,0.0,0,0,0,0,0,0,1,True,2.0
figlang_reddit,reddit,val,0,"As they say, welcome to New Jersey :-).","Hit and run driver: Speeding driver splits lane, loses, causes a pileup on the NJ turnpike, then takes off. || Christ, that was like a ballet of retarded driving.",True,28,39,7,1,3.857142857142857,0,0,0,0,0,0.0,0,0,0,0,0,0,0,False,2.0
figlang_reddit,reddit,train,0,Everyone keeps calling him a racist russian agent with ties to Hitler but he's just a good guy who loves his country.,MEME MAGICK | Martin Shkreli was wearing a Pepe pin in a Bloomberg interview today || Serious question: why is Pepe typically so sad?,True,22,117,22,1,4.318181818181818,0,0,0,0,0,0.0,0,0,0,0,0,0,0,False,2.0
figlang_reddit,reddit,val,0,"Neither is communisme, so find a balance between the two?",Bitcoin Is Unsustainable: a single Bitcoin transaction uses roughly enough electricity to power 1.57 American households for a day. || Got some bad news for you....Capitalism isn't sustainable,True,27,57,10,1,4.6,0,1,0,0,0,0.0,0,0,0,0,0,0,0,False,2.0
figlang_reddit,reddit,train,0,He shouldn't get a FE for this season tho,This week's Final Edition is KJ Wright. || Great another week where people complain about no Flacco,True,16,41,9,1,3.6666666666666665,0,0,0,0,1,0.1111111111111111,0,0,0,0,0,0,0,False,2.0
figlang_reddit,reddit,train,0,Apparently if a album isn't a conceptual story telling album it must be trash.,"Kanye West - The Life of Pablo (24 hour initial reaction discussion thread) Now that the hype has settled a little bit, how are we feeling about it? || This thread: cohesion cohesion cohesion cohesion cohesion cohesion",True,34,78,14,1,4.571428571428571,0,0,0,0,0,0.0,0,0,0,0,0,0,0,False,2.0
figlang_reddit,reddit,train,0,"Its nice they put it up on the right where most people start reading, saves time not having to read the rest.","School had a protest today, almost shat when I saw this one || ""We are disabled"" Atleast that one applies to all.",True,21,109,22,1,3.909090909090909,0,0,0,0,0,0.0,0,0,0,0,0,0,2,False,2.0
figlang_reddit,reddit,train,0,"Sooo... in the west today it's extreme racial minorities, Islam and feminists?","Two Arrested in Turkey for Insulting Erdogan on Social Media || ""To learn who rules over you, simply find out who you are not allowed to criticize"" - Kevin Alfred Strom",True,29,78,12,2,5.166666666666667,0,1,1,1,0,0.0,0,1,0,0,0,0,0,False,2.0
figlang_reddit,reddit,train,0,Can Anybody Explain Why One Should Vote for Donald Trump without Mentioning Hillary Clinton?,Clinton's Image at Lowest Point in Two Decades || Can Anybody Explain Why One Should Vote for Hillary Clinton without Mentioning Donald Trump?,True,22,92,14,1,5.571428571428571,0,1,0,0,0,0.0,0,0,0,0,0,0,0,False,2.0
figlang_reddit,reddit,train,0,"I only understand wtf he's talking about maybe 5% of the time, but yeah he's dope.",Milwaukee Bucks (21-27) @ Denver Nuggets (21-27) - 2/3/17 || do any of u boys listen to milo he's the best rapper & from wisconsin thus making him the best rapper (2x),True,25,82,15,1,4.2,0,0,0,0,0,0.0,0,0,0,0,0,0,1,False,2.0
figlang_reddit,reddit,train,0,"Over here we wish you all a happy new year, we wish all your dreams to come true on the year of the goat.","VG posted a video on their facebook wishing everyone a happy lunar new year, can someone translate what Black is saying? || What did fenrir said at the end that made everyone laugh?",True,32,105,24,1,3.3333333333333335,0,0,0,0,0,0.0,0,0,0,0,0,0,0,False,2.0
figlang_reddit,reddit,train,0,If you think Israel will trust others for their security you haven't taken even a cursory study of the last thousand years of history.,"Palestinian Christians 'bitter and left out' of Easter celebrations || Jerusalem should be an International city, policed by an international police force.",True,21,134,24,1,4.583333333333333,0,0,0,0,0,0.0,0,0,0,0,0,0,0,False,2.0
figlang_reddit,reddit,train,0,"Yep, before cutting my hair to within an eighth of an inch of it's life I used to do that...It's caused by stress.","Australian politician eats his hair in Parliament || Trichotillomania, sometimes it can get pretty out of control.",True,16,114,24,2,3.625,0,0,1,1,0,0.0,0,0,0,0,0,0,1,True,2.0
figlang_reddit,reddit,train,0,"Not only that, but the very second you stop treating the car like it could be a deadly weapon.","Shots fired as suspect attempts to run over officers. || Car = lethal weapon the very second that you want it to be, people need to understand this.",True,26,94,19,1,3.8947368421052633,0,0,0,0,0,0.0,0,0,0,0,0,0,0,False,2.0
figlang_reddit,reddit,train,0,"The Constitution itself states it extremely clearly, I don't think the religious right cares.","Marco Rubio: The United States is Governed by God, Not the Constitution || We REALLY need a politician on any side of the aisle to finally stand up and state publicly ""We are NOT a Theocracy, and politicians trying to drag religion into politics are WRONG""",True,45,93,14,1,5.571428571428571,0,0,0,0,0,0.0,0,0,0,0,0,0,2,False,2.0
figlang_reddit,reddit,train,0,"Agreed, turned it off after a minute because I knew I'd forget to turn my volume down after the video.",Guy makes fire jazzy beat and samples from $1 record || Might be an interesting video if the sound was louder.,True,19,102,20,1,4.05,0,0,0,0,0,0.0,0,0,0,0,0,0,0,False,2.0
figlang_reddit,reddit,train,0,"Yes, they selected their nominee... By choosing not to ignore 3.6 million votes and wins in 10/11 of the top states by population.","Clinton Losing Millennial Support Nationally and in Key States || 2016: The year we looked into the memes, and the memes looked back... also maybe the DNC shouldn't have picked such an awful nominee, take your pick",True,35,130,21,3,4.523809523809524,0,0,1,1,0,0.0,0,0,0,0,0,0,0,False,2.0
figlang_reddit,reddit,train,0,Not unless he was a white man killing a black officer.,"RIP to officer Montrell Jackson, killed this morning in Baton Rouge by BLM. || Here's a black man killed by another black man, does BLM care?",True,25,54,11,1,3.909090909090909,0,0,0,0,0,0.0,0,0,0,0,0,0,0,False,2.0
figlang_reddit,reddit,train,0,That hitler guy is a pretty good economy reformer.,"If AskReddit existed in the 1920s, what questions would have been asked? || So now that Germany will never be a world power again, what other countries in Europe would be likely to start the next World War?",True,37,50,9,1,4.555555555555555,0,0,0,0,0,0.0,0,0,0,0,0,0,0,False,2.0
figlang_reddit,reddit,train,0,"I hate it when people suggest he's the weak link in the team, I think a-lot of it is that he doesn't look like he should be a good rugby player.",Irish times analysis on how Ireland won the Six Nations (with statistics) || Toner played 30+mins less rugby than poc and only hit 4 attacking rucks less.,True,25,144,32,1,3.46875,0,0,0,0,0,0.0,0,0,0,0,0,0,0,False,2.0
figlang_reddit,reddit,train,0,I'm stuck on the toilet because of Taco Bell right now,"Reddit, what is something you just don't get? || I don't get diarrhea after eating Taco Bell.",True,16,54,11,1,4.0,0,0,0,0,0,0.0,0,0,0,0,0,0,1,False,2.0
figlang_reddit,reddit,train,0,His daughter was with him and they wouldn't let her in either.,"Legoland dream dies for man, 63, over rule that says adults must be accompanied by children || If he was an old womyn, they would properly have found a way to let him in.",True,32,62,12,1,4.166666666666667,0,0,0,0,0,0.0,0,0,0,0,0,0,0,False,2.0
figlang_reddit,reddit,train,0,because he curses on public and he never prints his name in any project he completes,Duterte vows to give coconut levy funds || How exactly is Duterte not a trapo again?,True,15,84,16,1,4.3125,0,0,0,0,0,0.0,0,0,0,0,0,0,0,False,2.0
figlang_reddit,reddit,val,0,"I would gladly go to gulag, it would mean the revolution is here and I would work hard for the people.","Is there a punishment worse than wall || I'm not one to make judgments based on appearances, but all white people should be gulaged honestly",True,24,102,21,1,3.8095238095238093,0,0,0,0,0,0.0,0,0,0,0,0,0,0,False,2.0
figlang_reddit,reddit,train,0,That's a great idea until you get into the grey areas and realize that your idea discourages women from reporting rape if they aren't 100% sure they can prove it was rape.,Woman arrested for DUI claims that the arresting officer sexually assaulted her - too bad he was wearing a lapel cam. || If you make a false accusation or bear false witness you should receive the punishment for the crime of the accused.,True,41,171,31,1,4.354838709677419,0,0,0,0,0,0.0,0,0,0,0,0,0,2,False,2.0
figlang_reddit,reddit,train,0,It's more being chased out of town because there was that one time you dropped a plate or something,"FWD: YEAH THOSE (((JEWS))) CAN'T BE TRUSTED || Completely ignoring the ridiculous Christian belief in blood libel which meant the Jews as a collective people were somehow held to be responsible and therefore guilty of the death of Jesus, despite there being no claim in Jewish law for this to be even remotely true, and which promoted the ostracization and segregation of Jews from most societies for centuries, relegating them to second-class citizens and barring them from certain occupations and landowning.",True,81,99,19,1,4.2631578947368425,0,0,0,0,0,0.0,0,0,0,0,0,0,0,False,2.0
figlang_reddit,reddit,val,0,"So it's basically like the rest of the entire planet earth in every civilization throughout our entire 10,000 years of record keeping?",Sioux Native Americans claim Keystone Pipeline is an act of war. || Not sure if your native population is like ours in Canada but whatever deal you make with them will likely just make the chiefs richer and do nothing for the average native,True,43,134,21,1,5.0476190476190474,0,1,0,0,0,0.0,0,0,0,0,0,0,0,False,2.0
figlang_reddit,reddit,train,0,To quote Everybody Hates Chris: he got slapped into another nationality!,How dare you describe people's skin color || The white twin must had to fucked up big time since he got the black slapped out of him.,True,26,72,11,1,5.454545454545454,1,0,0,0,0,0.0,0,0,0,0,0,0,0,False,2.0
figlang_reddit,reddit,val,0,In guessing it's not the same since you won't get the surround sound and all,"ARS: New 4K Blu-ray won't be cracked for a while || Wait, what's the problem with 1 person buying the disc, then playing the video and using video capture software (nVidia ShadowPlay, OBS, ...) to save it ?",True,35,76,15,1,4.133333333333334,0,0,0,0,0,0.0,0,0,0,0,0,0,0,False,2.0
figlang_reddit,reddit,train,0,"That is neither what happened, nor is it how you lose a debate.","Joe Biden Beat the Shit Out of the Brains of the Republican Party Tonight, and He Did It for You || Biden LOST because he's a bumbling idiot.",True,27,63,13,1,3.769230769230769,0,0,0,0,0,0.0,0,0,0,0,0,0,0,False,2.0
figlang_reddit,reddit,train,0,It's like how communism always ends up with a brutal secret police force and torture re-education centers.,"Venezuela protests: Looting, shootings leave 13 dead in one day || Good Job socalism you did it again.",True,16,106,18,1,4.888888888888889,0,0,0,0,0,0.0,0,0,0,0,0,0,0,False,2.0
figlang_reddit,reddit,val,0,"Technically by this persons logic, them even using the english language is cultural appropriation.","A list of Black People Only words || This fucker's appropriating Southern culture by implying that the word ""ya'll"" is for black people only.",True,23,98,14,1,5.928571428571429,0,0,0,0,0,0.0,0,0,0,0,0,0,0,False,2.0
figlang_reddit,reddit,train,0,Good thing I gave to the American childhood cancer association.,TIL the Federal Trade Commission says four cancer charities run by extended members of the same family conned donors out of $187 million from 2008 through 2012 and spent almost nothing to help actual cancer patients. || These are the charities in question: Cancer Fund of America Children's Cancer Fund of America Cancer Support Services The Breast Cancer Society,True,55,63,10,1,5.3,0,0,0,0,0,0.0,0,0,0,0,0,0,0,False,2.0
figlang_reddit,reddit,train,0,These ones have a PR agent and 100% more bullshit!,"World's first ""living park"" being installed on Capitol Hill || How is this different from any other park with plants?",True,19,50,9,1,4.0,1,0,0,0,1,0.1111111111111111,0,0,0,0,0,0,0,False,2.0
figlang_reddit,reddit,train,0,"As long as our goal is only to have a party, not to get in the way of the people who work there.",Oregon standoff: All defendants found not guilty || Start the clock - it's only a matter of time until we see something like this again.,True,23,96,23,1,3.130434782608696,0,0,0,0,0,0.0,0,0,0,0,0,0,0,False,2.0
figlang_reddit,reddit,train,0,Because ancaps want no law Haha strawmen are fun.,"Anarcho-Capitalism: So Crazy, It Just Might Work! || I invite you to the crazy, lawless place south of the border.",True,20,49,9,1,4.444444444444445,0,0,0,0,0,0.0,0,0,0,0,0,0,1,False,2.0
figlang_reddit,reddit,train,0,Your comment would be a lot more powerful if Tesla wasn't indeed an American creation.,"Norway subsidizes Tesla by waiving sales tax, permitting use of a bus lane, and offering free parking in public lots. || Meanwhile, in the US we're trying to stifle innovation and keep a lid on all these crazy things like electric cars and fuel efficiency.... sigh",True,45,86,15,1,4.733333333333333,0,0,0,0,0,0.0,0,0,0,0,0,0,0,False,2.0
figlang_reddit,reddit,train,0,There goes my guided tour of CPC HQ!,"Canada election 2015: Stephen Harper proposes travel ban on extremist hotspots - Politics || Too bad, I think people really enjoyed visiting Parliament Hill.",True,21,36,8,1,3.5,1,0,0,0,2,0.25,0,0,0,0,0,0,0,False,2.0
figlang_reddit,reddit,train,0,I'm just amazed that he admits how stupid he is.,When people poke fun at me for going to Community College because they think I'm too stupid to get into anywhere else || I'm just amazed that someone finally used this meme correctly.,True,32,48,10,1,3.8,0,0,0,0,0,0.0,0,0,0,0,0,0,0,False,2.0
figlang_reddit,reddit,train,0,"Yeah, holy shit, I knew Reddit was bad, but this is some next level badness here.","The Swedish government announced that it plans to remove all mentions of race from Swedish legislation, saying that race is a social construct which should not be encouraged in law. || Abandon all hope, ye who enter this thread.",True,38,81,16,1,3.875,0,0,0,0,0,0.0,0,0,0,0,0,0,1,True,2.0
figlang_reddit,reddit,train,0,"Because people talk up a storm about the importance of wearing a helmet, but few people realize you need a lot more gear",On behalf of all of us on the transplant list: Thank you || Why bother with the helmet at this point?,True,20,120,23,1,4.217391304347826,0,0,0,0,0,0.0,0,0,0,0,0,0,0,False,2.0
figlang_reddit,reddit,train,0,I want to see how Rogue stack up against mid-tier EU teams like Misfits and NIP,"Overwatch Highlights | The Best in The West - Overwatch Rumble $10,000 Finals || But we dont know if they are the best in the west :/",True,22,79,17,1,3.7058823529411766,0,0,0,0,2,0.11764705882352941,0,0,0,0,0,0,0,False,2.0
figlang_reddit,reddit,val,0,Dressing room conflicts in the national team seem to be a popular thing in France.,"Ukraine teammates Yarmolenko and Stepanenko clash during Shaktar Donetsk v Dynamo Kiev, leading to mass brawl. || For Euro 2016's sake, I hope this just destroys the dressing room for the tournament and they get turned over by everyone in their group.",True,41,82,15,1,4.466666666666667,0,0,0,0,0,0.0,0,0,0,0,0,0,0,False,2.0
figlang_reddit,reddit,val,0,It's important to have an open mind and consider multiple perspectives.,"New research finds significant difference between children of same sex and heterosexual couples || Certainly interesting to consider. || No, it's really not.",True,21,71,11,1,5.454545454545454,0,0,0,0,0,0.0,0,0,0,0,0,0,0,False,3.0
figlang_reddit,reddit,train,0,They're already gonna do that to deal with the debt crisis.,"This Isn't the Petition Response You're Looking For -- White House Death Star || He's totally got a point with bullet 3 . || And that it would cost more money than the total amount of money in the world. || Yes, I think we'd have to creep a bit closer to a Level 1 civilization before it'd be feasible. || but we could just make a coin worth $850,000,000,000,000,000",True,61,59,11,1,4.363636363636363,0,0,0,0,0,0.0,0,0,0,0,0,0,0,False,5.0
figlang_reddit,reddit,train,0,his truths are more important and trust worthy than your facts .,"Interesting! || This is the kind of person who freaks out about mercury in vaccines but consumes tons of sugar and sodium. || Not to mention seafood, which contains way more mercury than vaccines ever have.",True,34,64,11,1,4.7272727272727275,0,0,0,0,0,0.0,0,0,0,0,0,0,0,False,3.0
figlang_reddit,reddit,train,0,"Config management is a major development strategy, so it should be sooner than later",NetCrunch 9 network monitoring overview at 4sysops || Can netcrunch pull and save switch config files? || No config yet || This would be a huge point for us as we use pro curves and haven't found many good config programs for them,True,39,84,14,1,5.0,0,0,0,0,0,0.0,0,0,0,0,0,0,0,False,4.0
figlang_reddit,reddit,train,0,"That's fine with me, I hate that we subsidize their defense.",Putin says Russia ready to fully restore ties with U.S || I'm guessing the first thing on the agenda is the missile shield. || or Europe generally,True,26,60,11,1,4.363636363636363,0,0,0,0,0,0.0,0,0,0,0,0,0,0,False,3.0
figlang_reddit,reddit,train,0,They obviously weren't communisting hard enough!,"""Our happy life Chairman Mao gave us"" 1954. || That is a gigantic baby. || He is fat and happy from the bounty provided by successful agricultural policies, enacted and undertaken personally by Chairman Mao. || For people who aren't getting the joke, tens of millions of people starved to death under Mao's poorly administered agricultural policies.",True,53,48,6,1,7.0,1,0,0,0,0,0.0,0,0,0,0,0,0,1,False,4.0
figlang_reddit,reddit,train,0,Him not getting the Nobel diminishes the prize rather than the other way around.,Teacher holds free lessons for slum children under a bridge in India || nobel prize material. || So was Gandhi and he was rejected,True,22,80,14,1,4.714285714285714,0,0,0,0,0,0.0,0,0,0,0,0,0,0,False,3.0
figlang_reddit,reddit,train,0,Yes :P and now I'm playing F2P UIM since like a week,"Your move, 1tile. || Aren't you in W 385 cc? || Nope, that's not me || Ohh you're the guy who got all the Tutorial island items except the bond?",True,26,52,13,1,3.0,0,0,0,0,1,0.07692307692307693,0,0,0,0,0,0,0,False,4.0
figlang_reddit,reddit,train,0,"When this ""person"" no longer has any control or influence over the bitcoin protocol then I'll start to repurchase a portion of my stash (which is currently all sold.)","Those are some impressive contributions you've made there Adam. || Hey, he's the CEO and President of Bitcoin, he doesn't have to contribute anything at all! || You forgot inventor part.",True,29,166,29,1,4.586206896551724,0,0,0,0,0,0.0,0,0,1,0,0,0,0,False,3.0
figlang_reddit,reddit,train,0,My first thought: what part of Arizona is this?,Woke up to this || Which part of Hell do you live in? || Phoenix,True,13,47,9,1,4.111111111111111,0,1,0,0,0,0.0,0,0,0,0,0,0,0,False,3.0
figlang_reddit,reddit,train,0,"The jump scare in ZnS is probably my favorite Easter Egg of BO3, it's a shame they didn't keep doing them.","Zombies confirmed! || I like how they described it as a horror game, I haven't been actually scared of CoD Zombies in a long time. || I think ZnS in BO3 had a nice Scary athmosphere, if it wouldnt have Been fucked up by all the bugs",True,45,106,21,1,3.9523809523809526,0,0,0,0,0,0.0,0,0,0,0,0,0,0,False,3.0
figlang_reddit,reddit,train,0,"and you call yourselves better than animals, yet are the most abberant of them all.","Homeless man cooking seagulls on a disposable grill after luring them in with bread and killing them with only his hands. || Sounds like a brilliant idea if you're poor and starving. || Seriously, how is this WTF? || The only wtf to this is we let this happen to our own people.",True,50,83,15,1,4.466666666666667,0,0,0,0,0,0.0,0,0,0,0,0,0,0,False,4.0
figlang_reddit,reddit,train,0,But then i won't be able to complain on reddit,"Seen in Dota Wiki's Lycan counter page || some jokester put silly tips on our counters pages :( we need help updating them and adding more stuff, if anyone has the time || It's better than some counter pages where grammar is exceedingly poor, i.e Death Prophet || did you know you can edit wikis and fix issues yourself",True,56,46,10,1,3.7,0,0,0,0,0,0.0,0,0,0,0,0,0,0,False,4.0
figlang_reddit,reddit,val,0,"Maybe she's not racist, just pragmatic.",Better be not not black. || It should be fairly easy to not match if you take a millisecond to look at what youre swiping || She is trying to weed out SJWs. || Because anyone who wouldn't date a racist is an SJW,True,41,39,6,1,5.333333333333333,0,0,0,0,0,0.0,0,0,0,0,0,0,0,False,4.0
figlang_reddit,reddit,train,0,Even though you didn't conduct war against the United States?,"I AM Edward Snowden, Ask Me Anything. || What would happen to you if you just came home? || I'd be arrested and tried for treason, if found guilty the punishment ranges from years and prison and thousands of dollars in fines, to death.",True,42,61,10,1,5.1,0,1,0,0,0,0.0,0,0,0,0,0,0,0,False,3.0
figlang_reddit,reddit,train,0,It honestly looks like he's going to drop the rifle pretty easily.,"Close range defense of our fort as the enemy storm the walls || Way to hold a gun properly. || It's an airsoft rifle, relax Rambo.",True,24,66,12,1,4.5,0,0,0,0,0,0.0,0,0,0,0,0,0,0,False,3.0
figlang_reddit,reddit,train,0,Think him and Garrett are gonna try hitting some big records in the 165s,Candito just released Advanced Bench Program + Explanation || Is he ever going to compete again || He said in twitter he's lifting outside of usapl/ipf next year,True,26,72,14,1,4.0,0,0,0,0,0,0.0,0,0,0,0,0,0,0,False,3.0
figlang_reddit,reddit,train,0,"i'm afraid of those SMSH fans, and less educated people on rural area, tbh","""Menurut saya, pak Gita Wirjawan itu orangnya baik, berwibawa, jago main musik dan tampan..."" - Dicky SMASH || if i'm gita, i would be scared as shit, imagine group of flamboyant men saying you're handsome etc etc... such a lousy political ads. || Each of those flamboyant man held the same amount of vote in elections as you or me or a Harvard PhD graduate, just saying.",True,64,74,14,1,4.214285714285714,0,0,0,0,1,0.07142857142857142,0,0,0,0,0,0,0,False,3.0
figlang_reddit,reddit,train,0,"He didn't say that was a 1/4 mile drag race time, that might be his 0-60 time",Kid Talks About His V6 Mustang || When he said close to 10 seconds I laughed. || 10... I mean more like 12,True,18,77,15,1,3.533333333333333,0,0,0,0,0,0.0,0,0,0,0,0,0,0,False,3.0
figlang_reddit,reddit,val,0,plot: AI assists a cyborg in freelance investigation only to be caught up in politics as he is swept up in PH 2077 Tokhang Incidents,"Pinoy Cyborg by James Simmons || Mag-ingat sa riding in tandem || Honestly, this is a good idea for a pinoy cyberpunk character.",True,22,132,24,1,4.291666666666667,0,0,0,0,2,0.08333333333333333,0,0,0,0,0,0,0,False,3.0
figlang_reddit,reddit,test,0,A major corporation would run a kickstarter so that consumers would throw money in so they can be advertised to?,"Nickelodeon just uploaded a high quality version of the Sweet Victory performance from SpongeBob to their YouTube channel. || Nickelodeon should at least buy out an ad slot to play this || Last I heard Superbowl ads are about $30,000 a second. That video is 2:13 so that ad would cost around $4,000,000. Worth it. EDIT: I was way wrong... 2017 Superbowl was $166,000 per second which puts the total actually at $22,078,000 Less worth it. || Well, cutting out the intro and the outro it's 1:30ish so ""only"" 2.7m. || It needs the intro! Outro not so much. || Nickelodeon could Kickstart that shit. The people would want it and chip in, and some rich fan would probably throw a ton in.",True,112,112,20,1,4.6,0,1,0,0,0,0.0,0,0,0,0,0,0,0,False,6.0
figlang_reddit,reddit,test,0,That would be fantastic! I don't think it'll fix all the issues but it sure as hell is a step in the right direction.,"Hawaii wants to create a law that will ban games with loot boxes to people under 21 years old. What do you think about that? || My province doesn't allow the sale of M rated games to those under 18 years of age. I expect this will work just as well || ... So it's not gonna work at all? || It'll work very little, and it won't prevent access from the people who most need access prevented, IMO || If more states put this in it might make high end developers reconsider putting this shit in their mainstream games, even though it would have little real implications for the kids buying them. Kind of how the movie industry takes PG-13 labels seriously even tho most kids that age would have no trouble sneaking into higher rated films. || Just like most laws banning or restricting things. || ... Especially when enacted but not enforced || I dunno, if they phrase it right, they might take out F2P games with exploitative elements that are available on mobile. That would be nifty.",True,171,117,24,2,3.8333333333333335,1,0,0,0,0,0.0,0,0,0,0,0,0,3,False,8.0
figlang_reddit,reddit,test,0,"Its weird, Australia is sending their criminals out now.","Nearly 500 million animals killed in Australian bushfires || While the Australian PM was having a cocktail in Hawaii and the emergency minister just left for a euro trip || Quick, change the locks while they're out. || Or direct the fire at their houses. Oops!",True,42,56,9,1,5.111111111111111,0,0,0,0,0,0.0,0,0,0,0,0,0,0,False,4.0
figlang_reddit,reddit,test,1,"Just glad we live on the Isle of White kind stranger, no muslamic oppression here.","I just went to Blackpool. Wtf, England? || Damm I wish this could make it to all || I'll give you the all experience ""england is really going down the drain, sad to say that this is not an unusual occurence over there, I know somebody who's been to europe before and he's told my friend all about it"" ""why is this the front page??"" ""this is why you need guns, one time a gangster tried to hit me but I showed him my glock and he went running"" ""i was thinking about booking a holiday to britain but now I will consider other options"" ""Do the police just immediately turn to violence because the populace have no means of defending themselves? Hearing about stuff like this makes me really glad I live in a free country."" || ""No way Blackpool is a real place lol"" || rofl",True,144,83,15,1,4.4,0,0,0,0,0,0.0,0,0,0,0,0,0,0,False,5.0
figlang_reddit,reddit,test,1,"""But if they didn't abuse the whales then we would have no appreciation for conservation!!""","A German circus is using Holograms instead of live animals for a cruelty-free magical experience. And its cool. || So I'm a bit confused here...... Isn't the purpose of a circus that the animals are trained? Isn't that what makes it cool? How is this different from watching a movie? Seems like a useless circus to me.... EDIT: To clarify: This is cool, and I'm all for saving animals, just dont see this as the greatest business model || I think it's a well intentioned effort to maintain the educational/entertainment value without adhering to the negative aspects of how circus animals are treated. || Unfortunately good intentions usually mean bad business || You're getting downvoted but honestly there's probably not too many people who would pay to see holographic animals over the real deal || Says you. || Right? I would go to the holographic circus over one with real animals any day. || You can sell me on animals that belong in North America. But elephants, and other exotic animals do not belong in such captivity. Anyone who argues against that, or Sea World keeping Killer Whales, is basically saying they are fine with keeping a dog tied to a pole with a short leash its entire life. Anyone who is okay with that has a depraved heart and a nihilistic view of the world.",True,221,92,15,1,4.866666666666666,2,0,0,1,0,0.0,0,0,0,0,0,0,0,False,8.0
figlang_reddit,reddit,test,0,well a no scope doesnt hit directly in the middle,"Insane Ripper Spree || Sigh, if I tried that, the first guy facing me would have a Locus and perfect aim || [Yup, happened to my friend earlier](<URL> || thats bullshit lol. the gun wasnt even in line with his body.",True,39,49,10,1,4.0,0,0,0,0,0,0.0,0,0,0,0,0,0,1,True,4.0
figlang_reddit,reddit,test,0,His smirk is very wholesome for some reason.,Man wakes up after sleeping for 3 hours on stream to find he has 200 viewers || If you open the link in a new tab you can see the chat reaction || That was the best part! Idk why this video made me smile so hard,True,43,44,8,1,4.5,0,0,0,0,0,0.0,0,0,0,0,0,0,0,False,3.0
figlang_reddit,reddit,test,1,But why would they want that? It's not like there is profit in war or something.,A scathing new Pentagon report blames trump for the return of ISIS in Syria and Iraq || It's almost as if trump doesn't know what he's doing at all || It's almost as if as if his big donors want a war. See Erik Prince.,True,43,81,16,2,3.9375,0,1,0,0,0,0.0,0,0,0,0,0,0,0,False,3.0
figlang_reddit,reddit,test,1,Oh wow so minorities cant be funny now? FUCK YOU,"Those damn millennials are at it again || This isn't funny. Not because it's perceived as offensive, but because it isn't funny",True,21,49,10,1,3.8,0,1,0,0,2,0.2,0,0,0,0,0,0,2,True,2.0
figlang_reddit,reddit,test,1,Well considering that science is a tool of the patriarchy and was born from white supremacy can you really blame her?,Humor Theres two kinds of people... || I've got twenty bucks that says special snow flake doesn't have OCD. || Guarantee it's self diagnosed,True,22,118,21,1,4.571428571428571,0,1,0,0,0,0.0,0,0,0,0,0,0,1,True,3.0
figlang_reddit,reddit,test,0,"Ok, I think I have finally found my people xD","heh || I hate when i see people saying that you should put your unwanted child to be adopted rather than aborting.. as if living in a foster care is awesome and the dream of every child :T || As if the adult woman who has to endure nine grueling months of pregnancy, carrying a child she doesn't want and possibly suffering permanent life-altering physical effects doesn't matter at all. || Well she has to pay for having the chutzpah to be having s-e-x. For fun. The unmarried hussy. And that kid, that kid needs to pay for being born from sin. If we provide all these women with actual alternatives to motherhood, like family planning or gasp being childless by choice, they might start thinking they have value beyond their genitals. Can you imagine that? A bunch of uppity women with bodily autonomy? || Sounds pretty dangerous. Letting people put themselves first and make their own choices? Picking careers? Letting them think they're more than just incubators?? Sounds like human rights or something to me... || Bunch of liberal bullshit",True,179,45,10,1,3.5,0,0,0,0,0,0.0,0,0,0,0,0,0,1,True,6.0
figlang_reddit,reddit,test,0,"Over promise and under deliver, that's the human way","As promised, I ate my hat for Reddit because Columbus swept Tampa || Mirrors/Alternate Angles issues? contact <USER> || Now I'm worried about the guy who said he'd eat his || Canucks sub had a guy that said he'd eat his own dick, obviously didn't do it after getting harassed in every post he commented on he complained to the mods and then eventually abandoned his account. Kinda funny but kinda sad. || this story is the internet in a nutshell. love it. || just the last sentence is humanity in a nutshell",True,89,52,9,1,4.777777777777778,0,0,0,0,0,0.0,0,0,0,0,0,0,0,False,6.0
figlang_reddit,reddit,test,1,I'm sure Joel Osteen didn't do all of that? Seems such a standup guy.,"President Donald trump thinks Scientology should lose its tax-exempt status in the United States || These people should be thrown in jail. Physical and emotional abuse, false confinement, extortion, fraud, cover-up of sexual abuse, harassment, libel, practicing medicine without a license. Revoking their tax exemption is a miniscule step in the right direction. Throw the book at them.",True,59,70,14,2,3.857142857142857,0,1,0,0,0,0.0,0,0,0,0,0,0,1,False,2.0
figlang_reddit,reddit,test,1,Unless it was in the contract of the employee!,"TIL in 2005, a guy named Doug Heckman read the EULA before he installed some PC software. The agreement included a clause offering financial compensation to licensees who actually read the license agreement. He emailed the company, referred to the clause and the company sent him a check for $1,000 || Guessing someone had put that clause as a joke to show that nobody fully read the EULA. And got the 1000$ taken out of his salary when someone claimed that clause. I think it got removed quickly after. || Taken out of his salary? I doubt it was just one dude playing a prank. No, in this case the amount was left unspecified in the EULA so the company could send a dollar or a million. Company chose the 1k themselves, and happily sent it off for the cheap publicity. || Not to mention that it's illegal to punish employees that way.",True,147,47,9,1,4.111111111111111,1,0,0,0,0,0.0,0,0,0,0,0,0,0,False,4.0
figlang_reddit,reddit,test,1,"The problem is the WIND, it's blowing all this plastic into the oceans. Can we just turn off the wind, problem fixed.","This is what were doing to the ocean || What can we do to fix this? || Lobby for regulations || We can't just have some countries with high regulations and enforcement. All countries, especially some third world ones, need to take part as well in enforcing this. Without total cooperation of everyone, the ocean will still be polluted. || >total corporation of everyone Ah, so we let corporations take over everyone and it'll be fixed!",True,72,118,22,2,4.181818181818182,0,0,0,0,1,0.045454545454545456,0,0,0,0,0,0,0,False,5.0
figlang_reddit,reddit,test,0,The whole football world doesn't know what's about to hit 'em! We're gonna SNAP 'EM UP!!!!,"PepeIsHere | Nicolas Pepe becomes record signing || The name.. is Raul Sanllehi. I'm the two time, back to back, consecutive deals, transfer window champion. We're on a waterslide of success and all these small clubs are at the bottom in the kiddy pool, not knowing that a 4 foot 8 freak of nature is coming down the waterslide at 95MPH, naked, fully vasolined from head to tippy toe, ready to knock every single little club out. That's the difference between me and Gazidis. RRAAAAUULLLL! || We're at the Tippity Top and we're only halfway there. Tierney and CB, LETS GOOOOO",True,96,90,16,2,4.375,5,0,0,1,3,0.1875,0,0,0,0,0,0,0,False,3.0
figlang_reddit,reddit,test,1,"Because when there was a completely democratic White House and senate, weed was legalized. Obvious",This drug will destroy your life. || And yet y'all keep voting Republican. SMH.,True,13,99,15,1,5.466666666666667,0,0,0,0,0,0.0,0,0,0,0,0,0,0,False,2.0
figlang_reddit,reddit,test,0,Yup! It was a line that the director put in because he didn't look 18. No shit Sherlock.,"Before he was Morpheus, he was Cowboy Curtis on Pee-Wee's Playhouse. 1986. || Before he was Cowboy Curtis, he was Gunner's Mate 3rd Class Tyrone Miller, aka ""Mr. Clean,"" the 17-year-old cocky South Bronx-born crewmember on a secret river journey from South Vietnam into Cambodia to assassinate Col. Kurtz. || And at fourteen, too. Fishburne was always unmistakably talented. || They weren't too concerned about age during Vietnam, it seems... || Funny story, Fishburne lied about his age to get the gig. The film took so long to make that by the time it'd come out, he was actually the age he'd said he was all along. || in the movie didn't he lie about his age to sign up for war?",True,119,88,17,3,3.8823529411764706,1,0,0,0,0,0.0,0,0,0,0,0,0,0,False,6.0
figlang_reddit,reddit,test,1,It's ok there's other delivery companies that dress in brown they will never be able to track this man down.,"I get an email every time I get a package delivered to my apartment's mailroom. It's supposed to be a photo of the label, but there's this one guy... || Don't get the guy fired by posting this. His boss probably won't be laughing about it.",True,45,109,20,1,4.4,0,0,0,0,0,0.0,0,0,0,0,0,0,1,False,2.0
figlang_reddit,reddit,test,0,"Hungary tends to be boring, wet race = wet gtripwood",Max Verstappen wins the 2019 German Grand Prix! || What the fuck did i just watch || Man this race reminded me why I love wet races. || Hungary is expected to have similar weather so I have my fingers crossed. || Stop. My can only get so erect. || No keep going,True,47,52,9,1,4.555555555555555,0,0,0,0,0,0.0,0,0,0,0,0,0,0,False,6.0
figlang_reddit,reddit,test,1,"Of course, what happened in Paris was also CLEARLY caused by readily available assault weapons. GunControlNow","news locks thread about orlando night club shooting (20+ killed) when live FBI/Police interview reveals strong possibility of terrorist attack/extremist link, shooter had bomb vest, explosive devices and is not from the area/may be of middle eastern appearance etc. || They are 100% focusing on him using an ""assault rifle"", zero mention of him being islamist or it being a terror attack. Gotta push that agenda.",True,66,112,16,1,5.75,0,0,0,0,1,0.0625,0,0,0,0,0,0,1,False,2.0
figlang_reddit,reddit,test,0,"This took more effort than I'd like to admit, but it was worth it <URL>","The Chicago Blackhawks have been eliminated from playoff contention by the St. Louis Blues in 7 games || Blues players elated after defeating Blackhawks, celebrate, shocked when told that more playoff rounds exist after the first. || Take ur upvote dickweed. I love you. || Please beat Dallas, and then... idc what you do T_T",True,52,71,15,1,3.6,0,0,0,0,1,0.06666666666666667,0,0,0,0,0,0,0,False,4.0
figlang_reddit,reddit,test,1,But it was the vaccines' fault he ended up like that!,Yeah right... || Honestly though idiots like her need to be slapped in the face with a cheese grater no exceptions. || Yup! If you can't resist Drinking and Smoking for less than a year then you are not qualified to become a parent.,True,42,54,11,1,3.8181818181818183,1,0,0,0,0,0.0,0,0,0,0,0,0,0,False,3.0
figlang_reddit,reddit,test,1,"Why teach what everyone knows? I kid, I kid.","Getting the last free parking space in the morning || LOL.. Must you park in special motorcycle spots? Not on the sidewalk? || Looks like Sydney. All the other parking will be timed and paid parking. Motorcycle parking untimed and free, but limited and over subscribed. In most states of Australia, you can't park on the sidewalk (footpath). In Victoria, you can, but you have to live in Victoria, which sucks balls. || > In Victoria, you can, but you have to live in Victoria, which sucks balls. jeez mate, i'm not even offended, i'm just astonished that anyone could possibly believe their state was superior to victoria. is this like a north korea/united states situation, where they're teaching you anti-melbourne propaganda in school?",True,122,45,9,2,3.6666666666666665,0,1,0,0,0,0.0,0,0,0,0,0,0,0,False,4.0
figlang_reddit,reddit,test,1,"If there's one thing the Americans know how to do well, it's de-escalate","When you wake up at 7am as a European || Just woke up with my American friends freaking out like wtf happened || Abridged version: Iranian general has spent years organizing, training, and funding Shi'a militias in Iraq. One of those militias then attacked the US embassy in Iraq. trump admin overreacted and took out the General. And this General has the same fame as Eisenhower in Iran. So... we basically assassinated their second in command. Not without reason, but definitely without a good cost-benefit analysis.",True,85,73,14,1,4.142857142857143,0,0,0,0,0,0.0,0,0,0,0,0,0,1,False,3.0
figlang_reddit,reddit,test,0,Your words gave me chills. So powerful. We will never forget.,"Auschwitz survivor turned Haganah soldier, then IDF soldier, in the Independence war. 🇮🇱 || I hope this man survived the Independence War. || He's been identified as Aaron Stern, a bricklayer at Auschwitz. I don't know if he survived. If he died though- we can be sure he died a fighter, died for a noble cause, died a free man, and was given proper burial in the soil of his people. Opposed to dying as a helpless victim, murdered for no cause but the madness of the beasts, burned to ashes on a foreign land.",True,92,61,11,3,4.363636363636363,0,0,0,0,0,0.0,0,0,0,0,0,0,0,False,3.0
figlang_reddit,reddit,test,0,I'm pretty sure he knows and is joking to trigger completionists.,"Blizzard just flipped completionists the bird || I thought they are aware of this and going to fix it with the next patch Edit: Spelling || On PTR you can put filters on what items appear. || We know we already don't own it. The problem is that exclusive skins like that are preventing ""completion"" of a character. I don't think OP cares he can't get the skin, but it shouldn't cause it to show 95/96 || But he doesn't have them all || Usually in cases like this, developers make the exclusive/unobtainable items only visible to their owners. For instance in WoW, items that can't be obtained anymore like challenge armor sets from Mists of Pandaria are only visible in the wardrobe to those who unlocked them back then. So those with the Blizzcon skin should see 96/96, while those without should see 95/95. || And the skins for overwatch league all access etc",True,147,65,11,1,4.909090909090909,0,0,0,0,0,0.0,0,0,0,0,0,0,1,False,7.0
figlang_reddit,reddit,test,1,It's ingrained from birth. Much like their racism.,Once a gooner always a gooner || I mean Chelsea also hate spurs. || Anyone with a brain and a heart hates Tottenham really. || And Chelsea fans too. || Why is it that everyone is amazing at making fun of Chelsea fans,True,39,51,8,2,5.125,0,0,0,0,0,0.0,0,0,0,0,0,0,0,False,5.0
figlang_reddit,reddit,test,1,"Oh, well, when you put it like that I cannot imagine why there's confusion",Libertarian Life Pro Tip || ah libertarianism. a great way to piss off your neoconservative family members and progressive friends at the same time || The party of smoking weed and hating poor people. || How do Libertarians hate the poor? why do people believe this? as far as im aware they don't believe in being forced to help the poor through taxes and shit(at least at the federal level) and prefer non-government or state/local government help for the poor.,True,80,75,14,1,4.214285714285714,0,0,0,0,0,0.0,0,0,0,0,0,0,2,True,4.0
figlang_reddit,reddit,test,0,Honestly this dude's the poster boy for Braincels,"This guy || Reposted because I forgot to censor the name || Did you look at their post history? Just asking because I really hope they're a troll and not serious || Unfortunately, they are definitely not a troll. As a woman, I found their post/comment history extremely disturbing.",True,47,51,8,1,5.25,0,0,0,0,0,0.0,0,0,0,0,0,0,0,False,4.0
figlang_reddit,reddit,test,1,You watch two deafers signing at each other and tell me they aren't planning an uprising!,"Dont cure an infants disability without consent || It's pretty weird how parts of the deaf community will shun those who gain the ability to hear. || Why is this intense isolationism such a huge thing in the deaf community, but not among, say, blind people? Is it because deafness is a lot more common? Do blind people do this too, and I just don't know about it? || Because deaf people share a language completely seperate from ours. They socialize seperately from us. They get incredibly close knit, kind of out of necessity. Blind people can socialize with most people fairly normally.",True,100,90,16,1,4.5625,1,0,0,0,0,0.0,0,0,0,0,0,0,0,False,4.0
figlang_reddit,reddit,test,0,"That much was true. If anything revealed the flaws in American politics, it was 45.","Reddits been lying to me for two and a half year now || Too many people are uninformed about what impeachment actually is/does, plus, ya know, the government can't get shit done, ever. || Government can't get shit done because people keep electing those who claim government can't get shit done. Imagine any job interview where the candidate proclaims his job expertise by saying the job cannot be done, the candidate thus won't do the job he'd be hired for but wants to be hired for it anyway. || ""I'll be the best monkey wrench you ever throw in this machine!""",True,99,83,14,2,4.571428571428571,0,0,0,0,0,0.0,0,0,0,0,0,0,0,False,4.0
figlang_reddit,reddit,test,0,"I'm also Australian. If I'm good enough to get to the doctor, I don't need a doctor.","How would you feel about a mandatory mental health check up as part of your yearly medical exam? || Yearly medical exam? What are you talking about? || I was thinking the same, do I need to revise for this exam? || Same. Just had my ""yearly"" exam for the first time in six years. || I'm 32 is this a thing I should have done by now? I go to the doctor when I'm sick or need medications. (Australian)",True,75,84,17,2,3.823529411764706,0,0,0,0,0,0.0,0,0,0,0,0,0,0,False,5.0
figlang_reddit,reddit,test,1,Seriously. Why give consumers what they want? That would be stupid. in case you couldn't tell,"Samsung pulls own ads after ditching headphone jack || I'm hoping the note 10 fails just like the s6 || Yeah, they actually brought back expandable storage after that one. We can hope against hope that the same thing will happen with the headphone jack. But it probably won't, because this has nothing at all to do with what consumers want.",True,58,94,16,3,4.6875,0,1,0,0,0,0.0,0,0,0,0,0,0,0,False,3.0
figlang_reddit,reddit,test,1,"Yes, because I am the arbiter of everything good and enjoyable. :)","There is a huge difference between 59 and 60 fps. || I think Linus is one of the best things to happen to pc industry. That guy has spread more awareness about pc than everyone else combined. || Honestly though. He introduced me to PC's after years of playing console and after a lot of research by watching videos from Kyle, Linus, Paul, Jay, Steve, etc. I dropped the cash and built my first ever PC (see user flair). I like it so much better than console, and I can't thank him enough for introducing me to it. || Mine was actually Austin Evens, then I got addicted, I got in. It was an awesome few months and an even more awesome summer with all the research. Built the first last month. || Ugh, I can't stand Austin. Does anyone actually like that guy? || You're shocked that people like someone you don't personally like?",True,148,67,11,1,4.636363636363637,0,0,0,0,0,0.0,0,0,0,0,0,0,0,False,6.0
figlang_reddit,reddit,test,1,I think it's hilarious that you have to add an or people think you're actually an idiot and will downvote you to oblivion,"How to hide a broken screen on your phone. Hockey style. || Should have just taken a screenshot instead, would have been much better quality",True,24,122,23,1,4.304347826086956,0,0,0,0,0,0.0,0,0,0,0,0,0,0,False,2.0
figlang_reddit,reddit,test,0,It's from and old interview Dana White is talking about Conor McGregor saying he wanted to fight in Russia.,"Mens Fitness asked Bobby what hes going to do if he wins 243. Ive never connected more strongly with a fighter. || Whittaker is fucking awesome || You know what Whittaker told me? He said he wants to smash dumplings, in Melbourne. Isn't he fucking awesome?? || I got chills || Lmao I hope this becomes a new meme here || Source?",True,56,107,19,1,4.631578947368421,0,0,0,0,0,0.0,0,0,0,0,0,0,0,False,6.0
figlang_reddit,reddit,test,0,The septillions of atoms being ruptured in the same place by a very carefully designed device are humbling indeed.,"New Cache easter egg. They added portrait of the man who saved the world from WW3 || Lieutenant Colonel Stanislav Petrov deserves a mention too. their was a false alarm that looked like 5 missiles being shot at russia. petrov was convinced it was a false alarm as he correctly presumed a full scale nuclear war would involve a lot more missiles. single handedly stopped ""retaliation strikes"" and prevented a nuclear war. weve had a lot of close calls, some of which arent listed in the wiki. [<URL> || The fact that such a Wikipedia page exists at all is alarming || The atom truly is a humbling thing.",True,105,114,19,1,5.0,0,0,0,0,0,0.0,0,0,0,0,0,0,0,False,4.0
figlang_reddit,reddit,test,1,"I for one am ok with this, because it'll mean that Edmonton is still in the basement.","Sidney Crosby: ""I would never let my children play hockey. The risk of getting drafted by Edmonton is too high"" Beaverton || I'm a bystander to this meme. But come draft, I may get memed on and that scares me.",True,39,86,17,1,3.9411764705882355,0,0,0,0,0,0.0,0,0,0,0,0,0,1,False,2.0
figlang_reddit,reddit,test,1,"Whoa whoa there hombre, you sound like some sort of commie socialist, you can't send the job creators to jail for taking risks....","Obama was right, Alito was wrong: Citizens United has corrupted American politics || Corporate personhood is an affront on representitive govt. Corporations are global entities. Money knows no border. Citizens seeking representation now compete in their own communities with oligarchs from around the world. || If corporate personhood is a thing, send them to prison.",True,53,131,23,1,4.434782608695652,0,0,1,1,0,0.0,0,0,0,0,0,0,0,False,3.0
figlang_reddit,reddit,test,1,"Oh yeah, he's a massive racist. I heard he particularly hates Jewish people, like his parents","Boris became PM with 92k votes. Boaty McBoatface got 124k and was overruled for being a bloody stupid idea.... || The lesson here - instead of Boaty McBoatface, they should have gone for something racist or misogynistic. That's what the people want. And if you disagree, you must be some sort of enemy of the people. || Cunty mcblackface? || AFAIK David Baddiel hasn't been appointed to the cabinet yet.",True,66,94,16,1,4.6875,0,0,0,0,0,0.0,0,0,0,0,0,0,2,True,4.0
figlang_reddit,reddit,test,1,"Naw, only if you don't like the letters V and A",ART Positive Elixir Trade ii (OC) || How I feel when facing laloon || [deleted],True,13,48,11,1,3.272727272727273,0,0,0,0,0,0.0,0,0,0,0,0,0,0,False,3.0
figlang_reddit,reddit,test,0,"""I sure hope the first responders upload this video there.""","stadium disaster just waiting to happen || Why TF is this person standing under it filming || Willing to take one for the team. Respect. || ""The boys on watchpeopledie are gonna LOVE this shit!""",True,32,59,10,1,4.7,0,0,0,0,0,0.0,0,0,0,0,0,0,1,False,4.0
figlang_reddit,reddit,test,0,I imagine at some point having your nudes or sex tape leak will be on the same level as a nip slip. Just an inconvenience,"Sometimes staying out of touch with pop culture has its benefits. || He's like a less talented Paris Hilton. || I didn't know that was possible. || Have you not seen that video? Girls got skills. || Eh, if I remember correctly, and it has been a while, she just kind of laid there. || [deleted] || She worked the balls! Atta girl! || I dunno man. That looked more like a hand job with a little tongue, and that finish was unsatisfactory. || It pretty much was. But ball play is so underrated, she had a good ball handling technique going. || I do heartily agree. Let us rejoice in our common adoration of a good ball handling, as we are brothers not, but hold kinship none the less!",True,121,121,25,1,3.84,0,0,0,0,0,0.0,0,0,0,0,0,0,0,False,10.0
figlang_reddit,reddit,test,0,"I mean, consumers expressing displeasure at crappy products is an important part of the free market.","Welcome to Libertarian || It's a repost, but I'm too Libertarian to care || The free (karma) market at work!",True,18,100,16,1,5.1875,0,0,0,0,0,0.0,0,0,0,0,0,0,0,False,3.0
figlang_reddit,reddit,test,1,Are you sure Urban Meyer would be able to properly utilize a running back like Ezekiel Elliot?,"Cowboys to move on without Jason Garrett, source says || Obviously the right move, but why did it take so goddamn long? Can't help but imagine they probably missed out on some crucial interviews for other candidates || Boys probably already know who they want to go after. But i think they wanted to find Jason a FO job, but they couldnt come to terms, or Jason still wants to coach. || Urban Meyer here we come || I may be in the minority, but he's the coach I want them to go after. Proven success at every college team he coached at, and this team seems like it would perform well in his schemes. Not too mention by the time he's ready to bow out in 4-5 years because of medical reasons, all but like 3-5 guys will be moving on anyway",True,137,95,17,1,4.529411764705882,0,1,0,0,0,0.0,0,0,0,0,0,0,1,False,5.0
figlang_reddit,reddit,test,1,"This is why I don't use those driving services, anyone could be a serial killer. Drunk driving saves lives, lesson for all you kids","My Uber driver was a slimmer, cooler, mustached version of myself. || Guy could've killed you, shaved off his mustache, ate three bags of cheetos, and taken over your life. || Or OP could've killed him grew a moustache and lose weight, then become an uber driver serial killer",True,47,132,24,1,4.375,0,0,0,0,0,0.0,0,0,0,0,0,0,0,False,3.0
figlang_reddit,reddit,test,0,I'm sure they'll be able to get this rolled up in no time.,The Senate has passed the Cannabis Legalization Bill (Bill C-45) || The next two weeks the HoC has [Sitting days with possible extension of sitting hours (S.O. 27(1)).]( <URL> Let's hope they can blaze through those four dozen amendments. Edit : better pun || Lets wait for the smoke to settle.,True,48,58,13,1,3.4615384615384617,0,0,0,0,0,0.0,0,0,0,0,0,0,1,False,3.0
figlang_reddit,reddit,test,1,"Gee, I wonder why those would come at a premium?","Child fees should be a thing and dogs should be free || If it wasn't illegal then landlords would absolutely charge fees for children. They cause a lot of damage. || [deleted] || It's not so much a loophole as it's these laws are explicitly written to allow senior-only housing but otherwise ban age-based discrimination. At least in the US it's a combo of trying to reduce discrimination but knowing the older generations vote more regularly/consistently, and that group doesn't want to deal with neighborhood kids. || Alot of places in Canada have adult only apartments, but those come at a premuim cost.",True,102,49,10,1,3.7,0,1,0,0,0,0.0,0,0,0,0,0,0,1,True,5.0
figlang_reddit,reddit,test,1,R u dumb he signed for 4 years!,"Charania Free agent DeMarcus Cousins has agreed to a deal with the Golden State Warriors. || That's not fair. Come on, man. || No like actually...It's not fair...like fr this time... || Next year LeBron announces he's going to the dubs too",True,41,32,7,1,3.142857142857143,1,0,0,0,0,0.0,0,0,0,0,0,0,0,False,4.0
figlang_reddit,reddit,test,1,"Nah they're clearly boosted, there's no way they got all the way to bronze IV by playing that badly","If you have zero vision score you should be forced to play a warding tutorial after the game || If you ever play with someone that do unimaginable stupid stuff that blows your mind. Just remember, they are at the same rank as you. This is how I stay sane in D4.",True,51,100,19,1,4.2105263157894735,0,0,0,0,1,0.05263157894736842,0,0,0,0,0,0,1,False,2.0
figlang_reddit,reddit,test,1,Let me find that low-res text photo from Facebook. One sec.,"Saudi Arabia just declared homosexuality, feminism and atheism as 'extremism' || ""You're too opposed to our hateful extremism; that makes you extremist!"" || This is the actual argument used to defend islamic extremism tho and it works in countries like the UK. || Do you have a source for that claim?",True,48,60,12,2,3.8333333333333335,0,0,0,0,0,0.0,0,0,0,0,0,0,0,False,4.0
figlang_reddit,reddit,test,1,"I mean, maybe the gif will outlast us, but immortal is a stretch.","Annoyed by loud music, man uses drone to hit neighbors with fireworks || This is immortal, dangerous , and illegal. But this is one of the best thing I ever saw in my whole life.",True,33,66,13,1,3.8461538461538463,0,0,0,0,0,0.0,0,0,0,0,0,0,0,False,2.0
figlang_reddit,reddit,test,0,Because it's harder to funnel that money directly to the donor class.,"Trumps plan to cage kids indefinitely while denying them vaccines is ethnic cleansing in plain sight || The moron's private prison donors are raking it in. Charging $775 per kid per day. <URL> <URL> || I've got a big house, I'll take 20. For that rate, I'll hire them a personal cook, tailor and maids. || > I'll take 20 $15,500/day. $5,657,500/yr. I'll also take 20. Tell me again why the government can afford this, but not housing for homeless people, or to a more extreme point, UBI?",True,80,69,12,1,4.75,0,0,0,0,0,0.0,0,0,0,0,0,0,0,False,4.0
figlang_reddit,reddit,test,0,I think he looks like Louis Litt from Suits Edit-[for all those who need to search for Litt ](<URL> [looks like his brother lol](<URL>,"Indian taking techsupport scamming to the next level || I've never before seen a more punchable face. || I thought the exact same thing! Even before I knew who he is. I think its the teeth, he looks like Brian from Family Guy when he gets new teeth & becomes a real estate agent.",True,51,134,26,1,3.8461538461538463,0,0,0,0,2,0.07692307692307693,0,0,0,0,0,0,1,False,3.0
figlang_reddit,reddit,test,0,"He had no vision, here at Avada Corp, we try to kill not just mudbloods, but all bloods. crip walks to nearest train platform","Leaked Harry Potter game in development by Rocksteady || Fantastic Quests and Where to Grind Them || I'm gonna Avada Kedavra the shit outta some NPCs || I reckon you'd have to max out the evil stats to unlock that || I want a dark side system so badly now. Get expelled from hogwarts then kill the headmaster! || Damn, slow down there Voldemort! || Voldemort haha.. We take him out aswell >:)",True,66,125,24,1,4.083333333333333,0,0,0,0,0,0.0,0,0,0,0,0,0,0,False,7.0
figlang_reddit,reddit,test,0,If you think Trump revealed the flaws in the US political system then you have not been paying attention for the past 20 years.,"Reddits been lying to me for two and a half year now || Too many people are uninformed about what impeachment actually is/does, plus, ya know, the government can't get shit done, ever. || Government can't get shit done because people keep electing those who claim government can't get shit done. Imagine any job interview where the candidate proclaims his job expertise by saying the job cannot be done, the candidate thus won't do the job he'd be hired for but wants to be hired for it anyway. || ""I'll be the best monkey wrench you ever throw in this machine!"" || That much was true. If anything revealed the flaws in American politics, it was 45.",True,113,127,23,1,4.391304347826087,0,0,0,0,1,0.043478260869565216,0,0,0,0,0,0,0,False,5.0
figlang_reddit,reddit,test,0,"Nah, everyone knows they use a complex network of carrier pigeons for their internet connections.",Happy New year everyone 🎉 || imagine not being in 2019 over an hour ago this meme was made by chatham gang || Wait do those cunts over there have internet? Wait are you one of those cunts? Happy new year mate!,True,38,97,15,1,5.4,0,0,0,0,0,0.0,0,0,0,0,0,0,0,False,3.0
figlang_reddit,reddit,test,0,There's a lot you can't do in the L developer preview... like dismiss all notifications.,"Google announces Android 5.0 Lollipop || ""New handy controls like flashlight, hotspot, screen rotation and cast screen controls"". Finally. || I hope that you can customise which ones appear, not holding my breath but it would be great. || There were runours of just that, after parts of the code 'leaked'. || You can't customise it in the L developer preview.",True,56,88,15,2,4.666666666666667,0,0,1,1,0,0.0,0,0,0,0,0,0,0,False,5.0
figlang_reddit,reddit,test,1,"""I give you full permission to take my content."" It's pretty simple tbh dude","Chris Brown steals my video. || <USER> ; legaladvice [Chris Brown's Management](<URL>) DMCA Instagram copyright filing stuff realized you were in the UK (and Brown in the US) UK Filing stuff for DMCA Hope this helps and that they remove it for you! (or at least, acknowledge your work!!) || Do not contact his management team. You could say or do something wrong and hand over rights to the work. Just go directly for the DMCA, remember that they would. Edit: thanks for the gold! || Would you be able to give an example of that? It's hard to imagine what you could say wrong that would lead to a loss of copyright.",True,110,77,14,1,4.285714285714286,0,0,0,0,0,0.0,0,0,0,0,0,0,0,False,4.0
figlang_reddit,reddit,test,0,"Won't be the first slang word with multiple meanings. They can coexist, context is important.","Heres the front page of urbandictionary.com today. The word of the day is ""Scomo"" || Should also mean turning up after and shaking the hands of the affected || You're after this one <URL> || This makes me happy || Everyone needs to vote it up so it's on the front page of UD tomorrow! || But pulling a Scomo is already shitting one self. I could imagine this could cause some confusion.",True,69,93,15,2,5.066666666666666,0,0,0,0,0,0.0,0,0,0,0,0,0,0,False,6.0
figlang_reddit,reddit,test,0,I think it's 75% BNW and 20% 1984. The other 5% is a culmination of books by Kilgore Trout.,"Were reaching 1984 levels of deception in the media. || 1984 levels? Really? Have you read the book? || Most of the 1984 references I see would be better served by either Brave New World or Fahrenheit 451. || We do indeed live in a reality more akin to that of BNW than of 1984. But people like to believe that it is all the fault of the big bad state, instead of realizing that we all collectively sold our souls for our real world Somas.",True,78,91,15,2,3.933333333333333,0,0,0,0,1,0.06666666666666667,0,0,0,0,0,0,0,False,4.0
figlang_reddit,reddit,test,1,Yes trump should be his example here...,"How do we sleep while our beds are burning? || The PM should ""volunteer"" his cosy 550k salary as a donation to the RFS and not claim it as a deduction. That would be a start.",True,35,40,7,1,4.285714285714286,0,0,1,1,0,0.0,0,0,0,0,0,0,0,False,2.0
