dataset,platform,split,label,text,context,text_clean,context_clean,n_chars,n_words,n_sentences,avg_word_len,n_exclam,n_question,n_ellipsis,n_repeat_punct,n_allcaps_words,allcaps_ratio,n_emoji,n_elongation,n_scare_quotes,n_urls,n_mentions,n_hashtags,n_interjections,starts_with_interjection,context_n_words,has_context,en_score,is_english,lang_method
news_headlines,news,train,1,thirtysomething scientists unveil doomsday clock of hair loss,,thirtysomething scientists unveil doomsday clock of hair loss,,61,8,1,6.75,0,0,0,0,0,0.0,0,0,0,0,0,0,0,False,0,False,0.759375,True,heuristic-high
news_headlines,news,train,0,"dem rep. totally nails why congress is falling short on gender, racial equality",,"dem rep. totally nails why congress is falling short on gender, racial equality",,79,13,1,5.0,0,0,0,0,0,0.0,0,0,0,0,0,0,1,False,0,False,0.7846153846153846,True,heuristic-high
news_headlines,news,train,0,eat your veggies: 9 deliciously different recipes,,eat your veggies: 9 deliciously different recipes,,49,6,1,6.833333333333333,0,0,0,0,0,0.0,0,0,0,0,0,0,0,False,0,False,0.7958333333333334,True,heuristic-high
news_headlines,news,train,1,inclement weather prevents liar from getting to work,,inclement weather prevents liar from getting to work,,52,8,1,5.625,0,0,0,0,0,0.0,0,0,0,0,0,0,0,False,0,False,0.978125,True,heuristic-high
news_headlines,news,train,1,mother comes pretty close to using word 'streaming' correctly,,mother comes pretty close to using word 'streaming' correctly,,61,9,1,5.888888888888889,0,0,0,0,0,0.0,0,0,0,0,0,0,0,False,0,False,0.7472222222222222,True,heuristic-high
news_headlines,news,train,0,my white inheritance,,my white inheritance,,20,3,1,6.0,0,0,0,0,0,0.0,0,0,0,0,0,0,0,False,0,False,1.0,True,heuristic-high
news_headlines,news,train,0,5 ways to file your taxes with less stress,,5 ways to file your taxes with less stress,,42,8,1,4.125,0,0,0,0,0,0.0,0,0,0,0,0,0,0,False,0,False,0.978125,True,heuristic-high
news_headlines,news,train,1,richard branson's global-warming donation nearly as much as cost of failed balloon trips,,richard branson's global-warming donation nearly as much as cost of failed balloon trips,,88,14,1,5.357142857142857,0,0,0,0,0,0.0,0,0,0,0,0,0,0,False,0,False,0.8375,True,heuristic-high
news_headlines,news,train,1,shadow government getting too large to meet in marriott conference room b,,shadow government getting too large to meet in marriott conference room b,,73,12,1,5.166666666666667,0,0,0,0,0,0.0,0,0,0,0,0,0,0,False,0,False,0.86875,True,heuristic-high
news_headlines,news,train,0,lots of parents know this scenario,,lots of parents know this scenario,,34,6,1,4.833333333333333,0,0,0,0,0,0.0,0,0,0,0,0,0,0,False,0,False,1.0,True,heuristic-high
news_headlines,news,train,0,this lesbian is considered a father in indiana (and an amazing one at that),,this lesbian is considered a father in indiana (and an amazing one at that),,75,14,1,4.285714285714286,0,0,0,0,0,0.0,0,0,0,0,0,0,1,False,0,False,1.0,True,heuristic-high
news_headlines,news,train,0,amanda peet told her daughter sex is 'a special hug',,amanda peet told her daughter sex is 'a special hug',,52,10,1,4.3,0,0,0,0,0,0.0,0,0,0,0,0,0,0,False,0,False,0.825,True,heuristic-high
news_headlines,news,train,0,what to know regarding current treatments for ebola,,what to know regarding current treatments for ebola,,51,8,1,5.5,0,0,0,0,0,0.0,0,0,0,0,0,0,0,False,0,False,1.0,True,heuristic-high
news_headlines,news,train,0,chris christie suggests hillary clinton was to blame for boko haram's kidnapping of hundreds of schoolgirls,,chris christie suggests hillary clinton was to blame for boko haram's kidnapping of hundreds of schoolgirls,,107,16,1,5.75,0,0,0,0,0,0.0,0,0,0,0,0,0,0,False,0,False,0.9234375,True,heuristic-high
news_headlines,news,train,1,ford develops new suv that runs purely on gasoline,,ford develops new suv that runs purely on gasoline,,50,9,1,4.666666666666667,0,0,0,0,0,0.0,0,0,0,0,0,0,0,False,0,False,0.9416666666666667,True,heuristic-high
news_headlines,news,train,0,uber ceo travis kalanick stepping down from trump economic advisory council,,uber ceo travis kalanick stepping down from trump economic advisory council,,75,11,1,5.909090909090909,0,0,0,0,0,0.0,0,0,0,0,0,0,0,False,0,False,0.7295454545454546,True,heuristic-high
news_headlines,news,train,1,area boy enters jumping-and-touching-tops-of-doorways phase,,area boy enters jumping-and-touching-tops-of-doorways phase,,59,10,1,5.0,0,0,0,0,0,0.0,0,0,0,0,0,0,0,False,0,False,0.825,True,heuristic-high
news_headlines,news,train,1,area man does most of his traveling by gurney,,area man does most of his traveling by gurney,,45,9,1,4.111111111111111,0,0,0,0,0,0.0,0,0,0,0,0,0,0,False,0,False,1.0,True,heuristic-high
news_headlines,news,train,0,leave no person with disabilities behind,,leave no person with disabilities behind,,40,6,1,5.833333333333333,0,0,0,0,0,0.0,0,0,0,0,0,0,0,False,0,False,0.9416666666666667,True,heuristic-high
news_headlines,news,train,0,lin-manuel miranda would like to remind you to put your phone away,,lin-manuel miranda would like to remind you to put your phone away,,66,13,1,4.153846153846154,0,0,0,0,0,0.0,0,0,0,0,0,0,0,False,0,False,1.0,True,heuristic-high
news_headlines,news,train,0,60 journalists killed in 2014 as targeting of international press rises,,60 journalists killed in 2014 as targeting of international press rises,,71,9,1,6.111111111111111,0,0,0,0,0,0.0,0,0,0,0,0,0,0,False,0,False,0.9416666666666667,True,heuristic-high
news_headlines,news,train,1,guard in video game under strict orders to repeatedly pace same stretch of hallway,,guard in video game under strict orders to repeatedly pace same stretch of hallway,,82,14,1,4.928571428571429,0,0,0,0,0,0.0,0,0,0,0,0,0,0,False,0,False,0.8375,True,heuristic-high
news_headlines,news,train,0,how to live to be 110,,how to live to be 110,,21,5,1,2.6,0,0,0,0,0,0.0,0,0,0,0,0,0,0,False,0,False,1.0,True,heuristic-high
news_headlines,news,train,0,cat so scared in shelter won't even look at you,,cat so scared in shelter won't even look at you,,47,10,1,3.8,0,0,0,0,0,0.0,0,0,0,0,0,0,0,False,0,False,1.0,True,heuristic-high
news_headlines,news,train,0,bill clinton shoots down republicans: 'i strongly supported' obamacare,,bill clinton shoots down republicans: 'i strongly supported' obamacare,,70,9,1,6.777777777777778,0,0,0,0,0,0.0,0,0,0,0,0,0,0,False,0,False,0.65,True,langdetect
news_headlines,news,train,1,secret service agent not so secret about being david alan grier fan,,secret service agent not so secret about being david alan grier fan,,67,12,1,4.666666666666667,0,0,0,0,0,0.0,0,0,0,0,0,0,0,False,0,False,0.86875,True,heuristic-high
news_headlines,news,train,0,this new orange era: the growing divide,,this new orange era: the growing divide,,39,7,1,4.571428571428571,0,0,0,0,0,0.0,0,0,0,0,0,0,0,False,0,False,1.0,True,heuristic-high
news_headlines,news,train,0,things learned in the first month of having a baby,,things learned in the first month of having a baby,,50,10,1,4.1,0,0,0,0,0,0.0,0,0,0,0,0,0,0,False,0,False,1.0,True,heuristic-high
news_headlines,news,train,0,lamelo ball scores 92 points in a single high school basketball game,,lamelo ball scores 92 points in a single high school basketball game,,68,11,1,5.0,0,0,0,0,0,0.0,0,0,0,0,0,0,0,False,0,False,0.8090909090909091,True,heuristic-high
news_headlines,news,train,0,i'm bi. it took me 21 years to come out of the closet and say it.,,i'm bi. it took me 21 years to come out of the closet and say it.,,65,15,2,3.066666666666667,0,0,0,0,0,0.0,0,0,0,0,0,0,0,False,0,False,1.0,True,heuristic-high
news_headlines,news,train,0,10 essential life lessons from a grandma,,10 essential life lessons from a grandma,,40,6,1,5.333333333333333,0,0,0,0,0,0.0,0,0,0,0,0,0,0,False,0,False,0.9416666666666667,True,heuristic-high
news_headlines,news,train,0,teenage gunfight with isis,,teenage gunfight with isis,,26,4,1,5.75,0,0,0,0,0,0.0,0,0,0,0,0,0,0,False,0,False,0.97375,True,heuristic-high
news_headlines,news,train,0,older but still young at heart,,older but still young at heart,,30,6,1,4.166666666666667,0,0,0,0,0,0.0,0,0,0,0,0,0,0,False,0,False,1.0,True,heuristic-high
news_headlines,news,train,1,leading probability researchers confounded by three coworkers wearing same shirt color on same day,,leading probability researchers confounded by three coworkers wearing same shirt color on same day,,98,14,1,6.071428571428571,0,0,0,0,0,0.0,0,0,0,0,0,0,0,False,0,False,0.8375,True,heuristic-high
news_headlines,news,train,1,new york introduces shoe-sharing program for city's pedestrians,,new york introduces shoe-sharing program for city's pedestrians,,63,9,1,6.111111111111111,0,0,0,0,0,0.0,0,0,0,0,0,0,0,False,0,False,0.8444444444444444,True,heuristic-high
news_headlines,news,train,0,beyoncé sculpted in cheese is strangely alluring,,beyoncé sculpted in cheese is strangely alluring,,48,7,1,5.857142857142857,0,0,0,0,0,0.0,0,0,0,0,0,0,0,False,0,False,0.8845238095238095,True,heuristic-high
news_headlines,news,train,1,"expansive obama state of the union speech to touch on patent law, entomology, the films of robert altman",,"expansive obama state of the union speech to touch on patent law, entomology, the films of robert altman",,104,18,1,4.722222222222222,0,0,0,0,0,0.0,0,0,0,0,0,0,0,False,0,False,0.9416666666666667,True,heuristic-high
news_headlines,news,train,0,stars with gray hair prove getting older isn't all that bad,,stars with gray hair prove getting older isn't all that bad,,59,11,1,4.454545454545454,0,0,0,0,0,0.0,0,0,0,0,0,0,0,False,0,False,0.8886363636363637,True,heuristic-high
news_headlines,news,train,0,"police say woman made up story of attack by two men, one wearing a trump hat (update)",,"police say woman made up story of attack by two men, one wearing a trump hat (update)",,85,17,1,3.8823529411764706,0,0,0,0,0,0.0,0,0,0,0,0,0,0,False,0,False,1.0,True,heuristic-high
news_headlines,news,train,1,naacp demands less minority representation on upn,,naacp demands less minority representation on upn,,49,7,1,6.142857142857143,0,0,0,0,0,0.0,0,0,0,0,0,0,0,False,0,False,0.775,True,heuristic-high
news_headlines,news,train,0,the best clothes for the man-child in your life,,the best clothes for the man-child in your life,,47,10,1,3.8,0,0,0,0,0,0.0,0,0,0,0,0,0,0,False,0,False,1.0,True,heuristic-high
news_headlines,news,train,0,florist who turned away gay couple wants supreme court to hear her case,,florist who turned away gay couple wants supreme court to hear her case,,71,13,1,4.538461538461538,0,0,0,0,0,0.0,0,0,0,0,0,0,0,False,0,False,0.851923076923077,True,heuristic-high
news_headlines,news,train,0,"we're still processing that ending to the walking dead ""strangers""",,"we're still processing that ending to the walking dead ""strangers""",,66,10,1,5.5,0,0,0,0,0,0.0,0,0,1,0,0,0,0,False,0,False,1.0,True,heuristic-high
news_headlines,news,train,0,new google project delivers critical info to refugees' smartphones,,new google project delivers critical info to refugees' smartphones,,66,9,1,6.444444444444445,0,0,0,0,0,0.0,0,0,0,0,0,0,0,False,0,False,0.8444444444444444,True,heuristic-high
news_headlines,news,train,1,new history textbook makes hatred of history come alive for students,,new history textbook makes hatred of history come alive for students,,68,11,1,5.2727272727272725,0,0,0,0,0,0.0,0,0,0,0,0,0,0,False,0,False,0.9681818181818183,True,heuristic-high
news_headlines,news,train,0,10 ways ridiculously successful people think differently,,10 ways ridiculously successful people think differently,,56,6,1,8.0,0,0,0,0,0,0.0,0,0,0,0,0,0,0,False,0,False,0.9416666666666667,True,heuristic-high
news_headlines,news,train,1,report: bridge probably has whole mess of bats under there,,report: bridge probably has whole mess of bats under there,,58,10,1,4.8,0,0,0,0,0,0.0,0,0,0,0,0,0,0,False,0,False,0.9125,True,heuristic-high
news_headlines,news,train,0,texas republicans urge trump-style immigration crackdown,,texas republicans urge trump-style immigration crackdown,,56,7,1,7.142857142857143,0,0,0,0,0,0.0,0,0,0,0,0,0,0,False,0,False,0.65,True,langdetect
news_headlines,news,train,0,tom hanks brags how 'smokin' hot' rita wilson is after 29 years of marriage,,tom hanks brags how 'smokin' hot' rita wilson is after 29 years of marriage,,75,13,1,4.615384615384615,0,0,0,0,0,0.0,0,0,0,0,0,0,0,False,0,False,0.9192307692307693,True,heuristic-high
news_headlines,news,train,1,god getting strong urge to bring back dinosaurs,,god getting strong urge to bring back dinosaurs,,47,8,1,5.0,0,0,0,0,0,0.0,0,0,0,0,0,0,0,False,0,False,0.86875,True,heuristic-high
news_headlines,news,train,0,"lgbt christians speak out: ""love the sinner, hate the sin"" won't cut it anymore",,"lgbt christians speak out: ""love the sinner, hate the sin"" won't cut it anymore",,79,14,1,4.428571428571429,0,0,0,0,0,0.0,0,0,1,0,0,0,0,False,0,False,0.8999999999999999,True,heuristic-high
news_headlines,news,train,1,"handshake comes in at unusually high angle, velocity",,"handshake comes in at unusually high angle, velocity",,52,8,1,5.5,0,0,0,0,0,0.0,0,0,0,0,0,0,0,False,0,False,0.86875,True,heuristic-high
news_headlines,news,train,1,mom keeps sending newspaper clippings about former classmates who have been murdered,,mom keeps sending newspaper clippings about former classmates who have been murdered,,84,12,1,6.083333333333333,0,0,0,0,0,0.0,0,0,0,0,0,0,0,False,0,False,0.9416666666666667,True,heuristic-high
news_headlines,news,train,1,report: make it stop,,report: make it stop,,20,4,1,4.0,0,0,0,0,0,0.0,0,0,0,0,0,0,0,False,0,False,1.0,True,heuristic-high
news_headlines,news,train,1,coed rec softball team having trouble finding enough hyper-competitive men to ruin experience,,coed rec softball team having trouble finding enough hyper-competitive men to ruin experience,,93,14,1,5.714285714285714,0,0,0,0,0,0.0,0,0,0,0,0,0,0,False,0,False,0.7125,True,langdetect
news_headlines,news,train,1,brutalist beaver constructs paul rudolph-inspired dam,,brutalist beaver constructs paul rudolph-inspired dam,,53,7,1,6.714285714285714,0,0,0,0,0,0.0,0,0,0,0,0,0,0,False,0,False,0.65,True,langdetect
news_headlines,news,train,0,jindal: westboro baptist members who protest funerals face arrest,,jindal: westboro baptist members who protest funerals face arrest,,65,9,1,6.222222222222222,0,0,0,0,0,0.0,0,0,0,0,0,0,0,False,0,False,0.7472222222222222,True,heuristic-high
news_headlines,news,train,0,gop congressman may not vote for president at all,,gop congressman may not vote for president at all,,49,9,1,4.555555555555555,0,0,0,0,0,0.0,0,0,0,0,0,0,0,False,0,False,1.0,True,heuristic-high
news_headlines,news,train,0,donald trump's latest attempt to repeal obamacare makes seth meyers sick,,donald trump's latest attempt to repeal obamacare makes seth meyers sick,,72,11,1,5.636363636363637,0,0,0,0,0,0.0,0,0,0,0,0,0,0,False,0,False,0.7295454545454546,True,heuristic-high
news_headlines,news,train,1,suicide bombing: can parents spot the warning signs?,,suicide bombing: can parents spot the warning signs?,,52,8,1,5.375,0,1,0,0,0,0.0,0,0,0,0,0,0,0,False,0,False,0.86875,True,heuristic-high
news_headlines,news,train,1,state department warns americans traveling abroad to avoid lame amsterdam windmill tour,,state department warns americans traveling abroad to avoid lame amsterdam windmill tour,,87,12,1,6.333333333333333,0,0,0,0,0,0.0,0,0,0,0,0,0,0,False,0,False,0.7229166666666667,True,heuristic-high
news_headlines,news,train,0,meatless monday: portuguese mashup,,meatless monday: portuguese mashup,,34,4,1,7.5,0,0,0,0,0,0.0,0,0,0,0,0,0,0,False,0,False,0.755,True,heuristic-high
news_headlines,news,train,0,you can now message the president on facebook,,you can now message the president on facebook,,45,8,1,4.75,0,0,0,0,0,0.0,0,0,0,0,0,0,0,False,0,False,1.0,True,heuristic-high
news_headlines,news,train,1,families of missing flight passengers just hoping media gets closure it needs,,families of missing flight passengers just hoping media gets closure it needs,,77,12,1,5.5,0,0,0,0,0,0.0,0,0,0,0,0,0,0,False,0,False,0.86875,True,heuristic-high
news_headlines,news,train,1,fender releases new hybrid gas-electric guitar,,fender releases new hybrid gas-electric guitar,,46,7,1,5.714285714285714,0,0,0,0,0,0.0,0,0,0,0,0,0,0,False,0,False,0.775,True,heuristic-high
news_headlines,news,train,1,romney volunteers going door-to-door to let obama supporters know president's dead,,romney volunteers going door-to-door to let obama supporters know president's dead,,82,13,1,5.384615384615385,0,0,0,0,0,0.0,0,0,0,0,0,0,0,False,0,False,0.851923076923077,True,heuristic-high
news_headlines,news,train,0,friday talking points -- prelude to silly season,,friday talking points -- prelude to silly season,,48,7,1,5.571428571428571,0,0,0,0,0,0.0,0,0,0,0,0,0,0,False,0,False,0.775,True,heuristic-high
news_headlines,news,train,0,"meet sparkle, the 2-year-old who's your next style crush",,"meet sparkle, the 2-year-old who's your next style crush",,56,10,1,4.4,0,0,0,0,0,0.0,0,0,0,0,0,0,0,False,0,False,0.9125,True,heuristic-high
news_headlines,news,train,1,hollywood's biggest stars endure long lines at oscars security screening,,hollywood's biggest stars endure long lines at oscars security screening,,72,10,1,6.3,0,0,0,0,0,0.0,0,0,0,0,0,0,0,False,0,False,0.7375,True,heuristic-high
news_headlines,news,train,0,congresswoman fights for gun control because she almost lost her life to gun violence,,congresswoman fights for gun control because she almost lost her life to gun violence,,85,14,1,5.142857142857143,0,0,0,0,0,0.0,0,0,0,0,0,0,0,False,0,False,0.9625,True,heuristic-high
news_headlines,news,train,0,how to raise kids who can 'love and be loved',,how to raise kids who can 'love and be loved',,45,10,1,3.6,0,0,0,0,0,0.0,0,0,0,0,0,0,0,False,0,False,1.0,True,heuristic-high
news_headlines,news,train,0,want to make meetings more productive? start walking,,want to make meetings more productive? start walking,,52,8,1,5.5,0,1,0,0,0,0.0,0,0,0,0,0,0,0,False,0,False,0.978125,True,heuristic-high
news_headlines,news,train,0,elizabeth warren's pick wins ohio's democratic gubernatorial primary,,elizabeth warren's pick wins ohio's democratic gubernatorial primary,,68,8,1,7.625,0,0,0,0,0,0.0,0,0,0,0,0,0,0,False,0,False,0.65,True,langdetect
news_headlines,news,train,0,biting argument over trump may cost man his ear,,biting argument over trump may cost man his ear,,47,9,1,4.333333333333333,0,0,0,0,0,0.0,0,0,0,0,0,0,0,False,0,False,0.8444444444444444,True,heuristic-high
news_headlines,news,train,1,longtime reader of lib-slaves.info sick of mainstream bias on sites like wideawakepatriot.com,,longtime reader of lib-slaves.info sick of mainstream bias on sites like wideawakepatriot.com,,93,15,2,5.266666666666667,0,0,0,0,0,0.0,0,0,0,0,0,0,0,False,0,False,0.8833333333333333,True,heuristic-high
news_headlines,news,train,1,beijing fire department extinguishes massive five-alarm burning cloud of smog,,beijing fire department extinguishes massive five-alarm burning cloud of smog,,77,11,1,6.090909090909091,0,0,0,0,0,0.0,0,0,0,0,0,0,0,False,0,False,0.7295454545454546,True,heuristic-high
news_headlines,news,train,0,china intensifies pressure on north korea,,china intensifies pressure on north korea,,41,6,1,6.0,0,0,0,0,0,0.0,0,0,0,0,0,0,0,False,0,False,0.7958333333333334,True,heuristic-high
news_headlines,news,train,0,defiant sanders camp: it ain't over,,defiant sanders camp: it ain't over,,35,6,1,4.833333333333333,0,0,0,0,0,0.0,0,0,0,0,0,0,0,False,0,False,0.9416666666666667,True,heuristic-high
news_headlines,news,train,0,when the sheep are watching over your mind,,when the sheep are watching over your mind,,42,8,1,4.375,0,0,0,0,0,0.0,0,0,0,0,0,0,0,False,0,False,1.0,True,heuristic-high
news_headlines,news,train,0,"first up at the toronto film festival: jake gyllenhaal's 'demolition,' the stunning 'lobster' and more",,"first up at the toronto film festival: jake gyllenhaal's 'demolition,' the stunning 'lobster' and more",,102,16,1,5.375,0,0,0,0,0,0.0,0,0,0,0,0,0,0,False,0,False,0.978125,True,heuristic-high
news_headlines,news,train,0,super pac men: how political consultants took a texas oilman on a wild ride,,super pac men: how political consultants took a texas oilman on a wild ride,,75,14,1,4.357142857142857,0,0,0,0,0,0.0,0,0,0,0,0,0,0,False,0,False,0.8999999999999999,True,heuristic-high
news_headlines,news,train,1,"'active shooter at large,' reports endless background hum of modern american life",,"'active shooter at large,' reports endless background hum of modern american life",,81,13,1,5.3076923076923075,0,0,0,0,0,0.0,0,0,0,0,0,0,0,False,0,False,0.7846153846153846,True,heuristic-high
news_headlines,news,train,0,david axelrod suggests hillary clinton will be seen as less complex alternative to obama,,david axelrod suggests hillary clinton will be seen as less complex alternative to obama,,88,14,1,5.357142857142857,0,0,0,0,0,0.0,0,0,0,0,0,0,0,False,0,False,0.8999999999999999,True,heuristic-high
news_headlines,news,train,0,sleater-kinney just made bowie's 'rebel rebel' the political anthem of 2017,,sleater-kinney just made bowie's 'rebel rebel' the political anthem of 2017,,75,11,1,5.454545454545454,0,0,0,0,0,0.0,0,0,0,0,0,0,0,False,0,False,0.8886363636363637,True,heuristic-high
news_headlines,news,train,0,kirsten gillibrand only regrets not calling for al franken to quit sooner,,kirsten gillibrand only regrets not calling for al franken to quit sooner,,73,12,1,5.166666666666667,0,0,0,0,0,0.0,0,0,0,0,0,0,0,False,0,False,0.9416666666666667,True,heuristic-high
news_headlines,news,train,0,wells fargo sued for barring daca recipients from student loans,,wells fargo sued for barring daca recipients from student loans,,63,10,1,5.4,0,0,0,0,0,0.0,0,0,0,0,0,0,0,False,0,False,0.825,True,heuristic-high
news_headlines,news,train,1,historical archives: amazing publick spectacle!,,historical archives: amazing publick spectacle!,,47,5,1,8.2,1,0,0,0,0,0.0,0,0,0,0,0,0,1,False,0,False,0.755,True,heuristic-high
news_headlines,news,train,1,israel passes law cementing itself as exclusive nation-state of benjamin netanyahu,,israel passes law cementing itself as exclusive nation-state of benjamin netanyahu,,82,12,1,5.916666666666667,0,0,0,0,0,0.0,0,0,0,0,0,0,0,False,0,False,0.7958333333333334,True,heuristic-high
news_headlines,news,train,1,onion social cracks down on sexual harassment by banning all women from platform,,onion social cracks down on sexual harassment by banning all women from platform,,80,13,1,5.230769230769231,0,0,0,0,0,0.0,0,0,0,0,0,0,0,False,0,False,0.9192307692307693,True,heuristic-high
news_headlines,news,train,0,exclusive promo hints stephen colbert will unleash on trump in live election show,,exclusive promo hints stephen colbert will unleash on trump in live election show,,81,13,1,5.3076923076923075,0,0,0,0,0,0.0,0,0,0,0,0,0,0,False,0,False,0.851923076923077,True,heuristic-high
news_headlines,news,train,0,banksy returns to new york city with one of his trademark rats,,banksy returns to new york city with one of his trademark rats,,62,12,1,4.25,0,0,0,0,0,0.0,0,0,0,0,0,0,0,False,0,False,1.0,True,heuristic-high
news_headlines,news,train,0,bobby jindal's biggest donors benefited from his administration,,bobby jindal's biggest donors benefited from his administration,,63,8,1,7.0,0,0,0,0,0,0.0,0,0,0,0,0,0,0,False,0,False,0.86875,True,heuristic-high
news_headlines,news,train,1,drunk driver in the zone,,drunk driver in the zone,,24,5,1,4.0,0,0,0,0,0,0.0,0,0,0,0,0,0,0,False,0,False,1.0,True,heuristic-high
news_headlines,news,train,1,egyptian woman wishes screaming protester husband would go bonkers for her once in a while,,egyptian woman wishes screaming protester husband would go bonkers for her once in a while,,90,15,1,5.066666666666666,0,0,0,0,0,0.0,0,0,0,0,0,0,0,False,0,False,1.0,True,heuristic-high
news_headlines,news,train,0,meet the millennial men who love hillary clinton,,meet the millennial men who love hillary clinton,,48,8,1,5.125,0,0,0,0,0,0.0,0,0,0,0,0,0,0,False,0,False,0.86875,True,heuristic-high
news_headlines,news,train,0,number of homeless students in america is rising rapidly,,number of homeless students in america is rising rapidly,,56,9,1,5.333333333333333,0,0,0,0,0,0.0,0,0,0,0,0,0,0,False,0,False,0.9416666666666667,True,heuristic-high
news_headlines,news,train,1,report: majority of instances of people getting lives back on track occur immediately after visit to buffalo wild wings,,report: majority of instances of people getting lives back on track occur immediately after visit to buffalo wild wings,,119,19,1,5.2631578947368425,0,0,0,0,0,0.0,0,0,0,0,0,0,0,False,0,False,0.9723684210526315,True,heuristic-high
news_headlines,news,train,1,groundbreaking study finds gratification can be deliberately postponed,,groundbreaking study finds gratification can be deliberately postponed,,70,8,1,7.875,0,0,0,0,0,0.0,0,0,0,0,0,0,0,False,0,False,0.86875,True,heuristic-high
news_headlines,news,train,0,nick cannon responds to mariah carey's engagement in the best way,,nick cannon responds to mariah carey's engagement in the best way,,65,11,1,5.0,0,0,0,0,0,0.0,0,0,0,0,0,0,0,False,0,False,0.9681818181818183,True,heuristic-high
news_headlines,news,train,0,midlife obesity may speed up alzheimer's,,midlife obesity may speed up alzheimer's,,40,6,1,5.833333333333333,0,0,0,0,0,0.0,0,0,0,0,0,0,0,False,0,False,0.7958333333333334,True,heuristic-high
news_headlines,news,train,1,report: 70% of trump endorsements made after staring at bedroom ceiling for 4 hours,,report: 70% of trump endorsements made after staring at bedroom ceiling for 4 hours,,83,12,1,5.416666666666667,0,0,0,0,0,0.0,0,0,0,0,0,0,0,False,0,False,0.9416666666666667,True,heuristic-high
news_headlines,news,train,0,study finds american diets are poor (but improving!),,study finds american diets are poor (but improving!),,52,8,1,5.25,1,0,0,0,0,0.0,0,0,0,0,0,0,0,False,0,False,0.86875,True,heuristic-high
news_headlines,news,train,0,"after decades of effort, chemists overseas report 'nano' breakthrough",,"after decades of effort, chemists overseas report 'nano' breakthrough",,69,9,1,6.666666666666667,0,0,0,0,0,0.0,0,0,0,0,0,0,0,False,0,False,0.8444444444444444,True,heuristic-high
news_headlines,news,train,1,produce section bursts into laughter after will ferrell makes casual remark about apples,,produce section bursts into laughter after will ferrell makes casual remark about apples,,88,13,1,5.846153846153846,0,0,0,0,0,0.0,0,0,0,0,0,0,0,False,0,False,0.9192307692307693,True,heuristic-high
news_headlines,news,train,1,dad immediately hands phone to mom,,dad immediately hands phone to mom,,34,6,1,4.833333333333333,0,0,0,0,0,0.0,0,0,0,0,0,0,0,False,0,False,0.7958333333333334,True,heuristic-high
news_headlines,news,train,0,"my worst audition ever?  or, the danger of playing paddle ball, chewing gum, and singing ""we built this city"" simultaneously",,"my worst audition ever? or, the danger of playing paddle ball, chewing gum, and singing ""we built this city"" simultaneously",,124,20,1,4.9,0,1,0,0,0,0.0,0,0,1,0,0,0,0,False,0,False,0.95625,True,heuristic-high
news_headlines,news,train,0,how states can help 5 million kids with a parent behind bars,,how states can help 5 million kids with a parent behind bars,,60,11,1,4.363636363636363,0,0,0,0,0,0.0,0,0,0,0,0,0,0,False,0,False,0.9681818181818183,True,heuristic-high
news_headlines,news,train,1,local man's fear of snakes increases with each snakebite,,local man's fear of snakes increases with each snakebite,,56,9,1,5.333333333333333,0,0,0,0,0,0.0,0,0,0,0,0,0,0,False,0,False,0.8444444444444444,True,heuristic-high
news_headlines,news,train,1,vespa corporation enchants another slight little man-child,,vespa corporation enchants another slight little man-child,,58,8,1,6.375,0,0,0,0,0,0.0,0,0,0,0,0,0,0,False,0,False,0.65,True,langdetect
news_headlines,news,train,0,the smithereens lead singer pat dinizio dead at 62,,the smithereens lead singer pat dinizio dead at 62,,50,8,1,5.0,0,0,0,0,0,0.0,0,0,0,0,0,0,0,False,0,False,0.86875,True,heuristic-high
news_headlines,news,train,1,standards lowered for second search through fridge,,standards lowered for second search through fridge,,50,7,1,6.285714285714286,0,0,0,0,0,0.0,0,0,0,0,0,0,0,False,0,False,0.775,True,heuristic-high
news_headlines,news,train,0,miley cyrus' 'wrecking ball' could be kelly clarkson's best cover yet,,miley cyrus' 'wrecking ball' could be kelly clarkson's best cover yet,,69,11,1,5.363636363636363,0,0,0,0,0,0.0,0,0,0,0,0,0,0,False,0,False,0.8090909090909091,True,heuristic-high
news_headlines,news,train,0,watch: why mirrors flip things sideways but not upside down,,watch: why mirrors flip things sideways but not upside down,,59,10,1,4.9,0,0,0,0,0,0.0,0,0,0,0,0,0,0,False,0,False,0.825,True,heuristic-high
news_headlines,news,train,1,man in international airport only speaks business,,man in international airport only speaks business,,49,7,1,6.142857142857143,0,0,0,0,0,0.0,0,0,0,0,0,0,0,False,0,False,0.8999999999999999,True,heuristic-high
news_headlines,news,train,1,area mother enters 16th year of post-partum depression,,area mother enters 16th year of post-partum depression,,54,9,1,4.888888888888889,0,0,0,0,0,0.0,0,0,0,0,0,0,0,False,0,False,0.8444444444444444,True,heuristic-high
news_headlines,news,train,0,watch prince harry and rihanna get tested for hiv together,,watch prince harry and rihanna get tested for hiv together,,58,10,1,4.9,0,0,0,0,0,0.0,0,0,0,0,0,0,0,False,0,False,0.9125,True,heuristic-high
news_headlines,news,train,0,11 doodles to help you hang in there after heartbreak,,11 doodles to help you hang in there after heartbreak,,53,9,1,4.666666666666667,0,0,0,0,0,0.0,0,0,0,0,0,0,0,False,0,False,1.0,True,heuristic-high
news_headlines,news,train,0,rep confirms those david bowie rumors about scattering his ashes at burning man are 'untrue',,rep confirms those david bowie rumors about scattering his ashes at burning man are 'untrue',,92,15,1,5.2,0,0,0,0,0,0.0,0,0,0,0,0,0,0,False,0,False,0.8833333333333333,True,heuristic-high
news_headlines,news,train,1,historians suggest 'goodfellas' youtube clips may be fragments of larger work,,historians suggest 'goodfellas' youtube clips may be fragments of larger work,,77,11,1,6.090909090909091,0,0,0,0,0,0.0,0,0,0,0,0,0,0,False,0,False,0.8886363636363637,True,heuristic-high
news_headlines,news,train,1,department of agriculture locates perfect goat,,department of agriculture locates perfect goat,,46,6,1,6.833333333333333,0,0,0,0,0,0.0,0,0,0,0,0,0,1,False,0,False,0.7958333333333334,True,heuristic-high
news_headlines,news,train,0,"activist remembers those he met on 6,000-mile walk for equality (video)",,"activist remembers those he met on 6,000-mile walk for equality (video)",,71,11,1,4.818181818181818,0,0,0,0,0,0.0,0,0,0,0,0,0,0,False,0,False,0.8886363636363637,True,heuristic-high
news_headlines,news,train,1,cocksucker beats up motherfucker,,cocksucker beats up motherfucker,,32,4,1,7.25,0,0,0,0,0,0.0,0,0,0,0,0,0,0,False,0,False,0.97375,True,heuristic-high
news_headlines,news,train,0,hero cop saves 3-year-old girl's life on his wedding day,,hero cop saves 3-year-old girl's life on his wedding day,,56,11,1,4.0,0,0,0,0,0,0.0,0,0,0,0,0,0,0,False,0,False,0.9681818181818183,True,heuristic-high
news_headlines,news,train,0,rnc leader to trump: tone it down!,,rnc leader to trump: tone it down!,,34,7,1,3.7142857142857144,1,0,0,0,0,0.0,0,0,0,0,0,0,0,False,0,False,0.8999999999999999,True,heuristic-high
news_headlines,news,train,1,wheelchair-bound student would have preferred to sit out pep rally,,wheelchair-bound student would have preferred to sit out pep rally,,66,11,1,5.090909090909091,0,0,0,0,0,0.0,0,0,0,0,0,0,0,False,0,False,0.9681818181818183,True,heuristic-high
news_headlines,news,train,0,this video nails the messed up way anti-abortion legislation gets pushed,,this video nails the messed up way anti-abortion legislation gets pushed,,72,12,1,5.083333333333333,0,0,0,0,0,0.0,0,0,0,0,0,0,0,False,0,False,0.9416666666666667,True,heuristic-high
news_headlines,news,train,1,nation checks out cnn.com to see what their old pals the tsarnaevs and castros are up to,,nation checks out cnn.com to see what their old pals the tsarnaevs and castros are up to,,88,18,1,3.9444444444444446,0,0,0,0,0,0.0,0,0,0,0,0,0,0,False,0,False,1.0,True,heuristic-high
news_headlines,news,train,1,47-second clip from 'family ties' season 3 now available on youtube,,47-second clip from 'family ties' season 3 now available on youtube,,67,10,1,5.3,0,0,0,0,0,0.0,0,0,0,0,0,0,0,False,0,False,0.9125,True,heuristic-high
news_headlines,news,train,1,mom announces plans to get out some of your old baby stuff and quietly stare at it,,mom announces plans to get out some of your old baby stuff and quietly stare at it,,82,17,1,3.8823529411764706,0,0,0,0,0,0.0,0,0,0,0,0,0,0,False,0,False,1.0,True,heuristic-high
news_headlines,news,train,0,why russell simmons wants trump to win the gop nomination,,why russell simmons wants trump to win the gop nomination,,57,10,1,4.8,0,0,0,0,0,0.0,0,0,0,0,0,0,0,False,0,False,0.825,True,heuristic-high
news_headlines,news,train,1,members of opening band walking among crowd during intermission like gods among men,,members of opening band walking among crowd during intermission like gods among men,,83,13,1,5.461538461538462,0,0,0,0,0,0.0,0,0,0,0,0,0,0,False,0,False,0.7846153846153846,True,heuristic-high
news_headlines,news,train,1,shy friend experimenting with personality,,shy friend experimenting with personality,,41,5,1,7.4,0,0,0,0,0,0.0,0,0,0,0,0,0,0,False,0,False,0.9299999999999999,True,heuristic-high
news_headlines,news,train,0,rick perry on donald trump's proposed border wall: 'you can't do that',,rick perry on donald trump's proposed border wall: 'you can't do that',,70,12,1,4.833333333333333,0,0,0,0,0,0.0,0,0,0,0,0,0,0,False,0,False,0.7958333333333334,True,heuristic-high
news_headlines,news,train,0,qatar said to run a covert training camp for syrian rebels with u.s. help,,qatar said to run a covert training camp for syrian rebels with u.s. help,,73,15,2,3.8666666666666667,0,0,0,0,0,0.0,0,0,0,0,0,0,0,False,0,False,0.8833333333333333,True,heuristic-high
news_headlines,news,train,0,rubio and cruz have 'anti-lgbt' advisory boards. where is trump's?,,rubio and cruz have 'anti-lgbt' advisory boards. where is trump's?,,66,11,2,4.909090909090909,0,1,0,0,0,0.0,0,0,0,0,0,0,0,False,0,False,0.8886363636363637,True,heuristic-high
news_headlines,news,train,1,jay inslee smashes through wall of town hall in solar-powered mech suit to announce climate change plan,,jay inslee smashes through wall of town hall in solar-powered mech suit to announce climate change plan,,103,18,1,4.777777777777778,0,0,0,0,0,0.0,0,0,0,0,0,0,0,False,0,False,0.7958333333333334,True,heuristic-high
news_headlines,news,train,1,"parents' password a grotesque combination of children's names, birthdays",,"parents' password a grotesque combination of children's names, birthdays",,72,9,1,7.0,0,0,0,0,0,0.0,0,0,0,0,0,0,0,False,0,False,0.8444444444444444,True,heuristic-high
news_headlines,news,train,0,'harry potter' tops facebook's '10 books that stayed with you' meme and no one is surprised,,'harry potter' tops facebook's '10 books that stayed with you' meme and no one is surprised,,91,16,1,4.625,0,0,0,0,0,0.0,0,0,0,0,0,0,0,False,0,False,0.978125,True,heuristic-high
news_headlines,news,train,1,christian weightlifter bends iron bar to show power of god's love,,christian weightlifter bends iron bar to show power of god's love,,65,11,1,5.0,0,0,0,0,0,0.0,0,0,0,0,0,0,0,False,0,False,0.8090909090909091,True,heuristic-high
news_headlines,news,train,0,asu + gsv report: teachers and tech tools,,asu + gsv report: teachers and tech tools,,41,7,1,4.571428571428571,0,0,0,0,0,0.0,0,0,0,0,0,0,0,False,0,False,0.775,True,heuristic-high
news_headlines,news,train,0,what your movements may reveal about how you'll get along with another person,,what your movements may reveal about how you'll get along with another person,,77,13,1,5.0,0,0,0,0,0,0.0,0,0,0,0,0,0,0,False,0,False,1.0,True,heuristic-high
news_headlines,news,train,0,"blue-collar democrats to party: it's still the economy, stupid",,"blue-collar democrats to party: it's still the economy, stupid",,62,10,1,5.1,0,0,0,0,0,0.0,0,0,0,0,0,0,0,False,0,False,0.9125,True,heuristic-high
news_headlines,news,train,0,'draft biden' effort debuts its first tv ad,,'draft biden' effort debuts its first tv ad,,43,8,1,4.5,0,0,0,0,0,0.0,0,0,0,0,0,0,0,False,0,False,0.86875,True,heuristic-high
news_headlines,news,train,1,stomach sets aside synthetic additives until it has a few minutes to figure out how to digest them,,stomach sets aside synthetic additives until it has a few minutes to figure out how to digest them,,98,18,1,4.5,0,0,0,0,0,0.0,0,0,0,0,0,0,0,False,0,False,1.0,True,heuristic-high
news_headlines,news,train,1,trump regrets choosing kavanaugh after supreme court nominee keeps talking about how much he respects women,,trump regrets choosing kavanaugh after supreme court nominee keeps talking about how much he respects women,,107,16,1,5.75,0,0,0,0,0,0.0,0,0,0,0,0,0,0,False,0,False,0.86875,True,heuristic-high
news_headlines,news,train,0,5-year-old channels solange knowles for perfectly recreated album cover,,5-year-old channels solange knowles for perfectly recreated album cover,,71,10,1,6.0,0,0,0,0,0,0.0,0,0,0,0,0,0,0,False,0,False,0.825,True,heuristic-high
news_headlines,news,train,0,kanye west and kim kardashian provide blueprint for true love at vmas,,kanye west and kim kardashian provide blueprint for true love at vmas,,69,12,1,4.833333333333333,0,0,0,0,0,0.0,0,0,0,0,0,0,0,False,0,False,0.86875,True,heuristic-high
news_headlines,news,train,1,south dakota asked to water north dakota's crops over the weekend,,south dakota asked to water north dakota's crops over the weekend,,65,11,1,5.0,0,0,0,0,0,0.0,0,0,0,0,0,0,0,False,0,False,0.8886363636363637,True,heuristic-high
news_headlines,news,train,0,obama pledges to do more to stop the 'epidemic of gun violence',,obama pledges to do more to stop the 'epidemic of gun violence',,63,12,1,4.333333333333333,0,0,0,0,0,0.0,0,0,0,0,0,0,0,False,0,False,1.0,True,heuristic-high
news_headlines,news,train,0,alexa and google home record what you say. but what happens to that data?,,alexa and google home record what you say. but what happens to that data?,,73,14,2,4.142857142857143,0,1,0,0,0,0.0,0,0,0,0,0,0,0,False,0,False,1.0,True,heuristic-high
news_headlines,news,train,0,this is the tiger that earl woods raised,,this is the tiger that earl woods raised,,40,8,1,4.125,0,0,0,0,0,0.0,0,0,0,0,0,0,0,False,0,False,1.0,True,heuristic-high
news_headlines,news,train,1,exasperated huckabee sanders reminds press corps that children under 14 can't feel pain,,exasperated huckabee sanders reminds press corps that children under 14 can't feel pain,,87,12,1,6.083333333333333,0,0,0,0,0,0.0,0,0,0,0,0,0,0,False,0,False,0.7229166666666667,True,heuristic-high
news_headlines,news,train,1,non-priest arrested on charges of child molestation,,non-priest arrested on charges of child molestation,,51,8,1,5.5,0,0,0,0,0,0.0,0,0,0,0,0,0,0,False,0,False,0.86875,True,heuristic-high
news_headlines,news,train,1,obama finally tells rambling tom vilsack to shut the fuck up during cabinet meeting,,obama finally tells rambling tom vilsack to shut the fuck up during cabinet meeting,,83,14,1,5.0,0,0,0,0,0,0.0,0,0,0,0,0,0,0,False,0,False,0.8375,True,heuristic-high
news_headlines,news,train,1,nation inspired by bravery of teen just wearing bikini right into mcdonald's,,nation inspired by bravery of teen just wearing bikini right into mcdonald's,,76,12,1,5.416666666666667,0,0,0,0,0,0.0,0,0,0,0,0,0,1,False,0,False,0.9416666666666667,True,heuristic-high
news_headlines,news,train,0,chilling report details myanmar's horrific campaign against rohingya minority,,chilling report details myanmar's horrific campaign against rohingya minority,,77,9,1,7.666666666666667,0,0,0,0,0,0.0,0,0,0,0,0,0,0,False,0,False,0.65,True,langdetect
news_headlines,news,train,1,arizona iced tea unveils new 4-foot-tall cans,,arizona iced tea unveils new 4-foot-tall cans,,45,8,1,4.5,0,0,0,0,0,0.0,0,0,0,0,0,0,0,False,0,False,0.759375,True,heuristic-high
news_headlines,news,train,0,arresting portraits give voices to homeless people in america's poorest big city,,arresting portraits give voices to homeless people in america's poorest big city,,80,12,1,5.75,0,0,0,0,0,0.0,0,0,0,0,0,0,0,False,0,False,0.9416666666666667,True,heuristic-high
news_headlines,news,train,0,house reauthorizes controversial surveillance law,,house reauthorizes controversial surveillance law,,49,5,1,9.0,0,0,0,0,0,0.0,0,0,0,0,0,0,0,False,0,False,0.755,True,heuristic-high
news_headlines,news,train,1,tom bosley named secretary of naps,,tom bosley named secretary of naps,,34,6,1,4.833333333333333,0,0,0,0,0,0.0,0,0,0,0,0,0,0,False,0,False,0.7958333333333334,True,heuristic-high
news_headlines,news,train,1,party not big enough to move out of kitchen yet,,party not big enough to move out of kitchen yet,,47,10,1,3.8,0,0,0,0,0,0.0,0,0,0,0,0,0,0,False,0,False,1.0,True,heuristic-high
news_headlines,news,train,0,fall movies every mom will see,,fall movies every mom will see,,30,6,1,4.166666666666667,0,0,0,0,0,0.0,0,0,0,0,0,0,0,False,0,False,0.9416666666666667,True,heuristic-high
news_headlines,news,train,1,minotaur wondering if there more to life than bashing in heads of those who dare wander into labyrinth,,minotaur wondering if there more to life than bashing in heads of those who dare wander into labyrinth,,102,18,1,4.722222222222222,0,0,0,0,0,0.0,0,0,0,0,0,0,0,False,0,False,1.0,True,heuristic-high
news_headlines,news,train,1,"shaven, cologned grandpa heads into town to rake in d-day pussy",,"shaven, cologned grandpa heads into town to rake in d-day pussy",,63,12,1,4.25,0,0,0,0,0,0.0,0,0,0,0,0,0,0,False,0,False,0.9416666666666667,True,heuristic-high
news_headlines,news,train,0,new rule from obama will punish contractors who cheat or endanger workers,,new rule from obama will punish contractors who cheat or endanger workers,,73,12,1,5.166666666666667,0,0,0,0,0,0.0,0,0,0,0,0,0,0,False,0,False,1.0,True,heuristic-high
news_headlines,news,train,0,the only parenting advice i'd dare to give,,the only parenting advice i'd dare to give,,42,8,1,4.375,0,0,0,0,0,0.0,0,0,0,0,0,0,0,False,0,False,1.0,True,heuristic-high
news_headlines,news,train,0,chris christie says trump immigration order rollout was 'terrible',,chris christie says trump immigration order rollout was 'terrible',,66,9,1,6.444444444444445,0,0,0,0,0,0.0,0,0,0,0,0,0,0,False,0,False,0.7472222222222222,True,heuristic-high
news_headlines,news,train,1,congress votes to intervene in local wedding,,congress votes to intervene in local wedding,,44,7,1,5.428571428571429,0,0,0,0,0,0.0,0,0,0,0,0,0,0,False,0,False,0.8999999999999999,True,heuristic-high
news_headlines,news,train,1,hero soldier receives presidential thumbs-up award,,hero soldier receives presidential thumbs-up award,,50,7,1,6.285714285714286,0,0,0,0,0,0.0,0,0,0,0,0,0,0,False,0,False,0.775,True,heuristic-high
news_headlines,news,train,0,warren's mortgage reforms divide progressives,,warren's mortgage reforms divide progressives,,45,5,1,8.2,0,0,0,0,0,0.0,0,0,0,0,0,0,0,False,0,False,0.755,True,heuristic-high
news_headlines,news,train,0,the director of hbo's new james foley documentary on making a movie about his childhood pal,,the director of hbo's new james foley documentary on making a movie about his childhood pal,,91,16,1,4.75,0,0,0,0,0,0.0,0,0,0,0,0,0,0,False,0,False,1.0,True,heuristic-high
news_headlines,news,train,0,the truth about being 40,,the truth about being 40,,24,4,1,4.5,0,0,0,0,0,0.0,0,0,0,0,0,0,0,False,0,False,1.0,True,heuristic-high
news_headlines,news,train,0,'sleeping on it' really does help you solve your problems,,'sleeping on it' really does help you solve your problems,,57,10,1,4.8,0,0,0,0,0,0.0,0,0,0,0,0,0,0,False,0,False,1.0,True,heuristic-high
news_headlines,news,train,1,annoyed movers weren't expecting client to have belongings,,annoyed movers weren't expecting client to have belongings,,58,8,1,6.375,0,0,0,0,0,0.0,0,0,0,0,0,0,0,False,0,False,0.86875,True,heuristic-high
news_headlines,news,train,0,toeing the race line: what i am and what i am not.,,toeing the race line: what i am and what i am not.,,50,12,1,3.0833333333333335,0,0,0,0,0,0.0,0,0,0,0,0,0,0,False,0,False,1.0,True,heuristic-high
news_headlines,news,train,0,how an essay on 'sexual paranoia' caused a frenzy at northwestern university,,how an essay on 'sexual paranoia' caused a frenzy at northwestern university,,76,12,1,5.416666666666667,0,0,0,0,0,0.0,0,0,0,0,0,0,0,False,0,False,1.0,True,heuristic-high
news_headlines,news,train,1,argentina tightens security in anticipation of numerous criminals arriving for g20,,argentina tightens security in anticipation of numerous criminals arriving for g20,,82,11,1,6.363636363636363,0,0,0,0,0,0.0,0,0,0,0,0,0,0,False,0,False,0.8886363636363637,True,heuristic-high
news_headlines,news,train,1,senior citizen shaken by diminished bawdy-limerick recall,,senior citizen shaken by diminished bawdy-limerick recall,,57,8,1,6.25,0,0,0,0,0,0.0,0,0,0,0,0,0,0,False,0,False,0.759375,True,heuristic-high
news_headlines,news,train,1,man filled with gratitude at sight of other customer in nice restaurant wearing jeans,,man filled with gratitude at sight of other customer in nice restaurant wearing jeans,,85,14,1,5.142857142857143,0,0,0,0,0,0.0,0,0,0,0,0,0,1,False,0,False,0.9625,True,heuristic-high
news_headlines,news,train,0,my disastrous search for the perfect swimsuit,,my disastrous search for the perfect swimsuit,,45,7,1,5.571428571428571,0,0,0,0,0,0.0,0,0,0,0,0,0,1,False,0,False,1.0,True,heuristic-high
news_headlines,news,train,0,10 big space-saving ideas for small kitchens,,10 big space-saving ideas for small kitchens,,44,7,1,5.0,0,0,0,0,0,0.0,0,0,0,0,0,0,0,False,0,False,0.775,True,heuristic-high
news_headlines,news,train,1,'stranger things 2' creators say keen viewers will notice twinge of disappointment hidden in every scene,,'stranger things 2' creators say keen viewers will notice twinge of disappointment hidden in every scene,,104,16,1,5.5,0,0,0,0,0,0.0,0,0,0,0,0,0,0,False,0,False,0.86875,True,heuristic-high
news_headlines,news,train,1,huckabee sanders tells colleagues she's taking temporary post as google ceo before transitioning into full-time role as sultan of brunei,,huckabee sanders tells colleagues she's taking temporary post as google ceo before transitioning into full-time role as sultan of brunei,,136,21,1,5.523809523809524,0,0,0,0,0,0.0,0,0,0,0,0,0,0,False,0,False,0.8583333333333334,True,heuristic-high
news_headlines,news,train,1,horrified geologists uncover millions of rocks in sprawling mass grave,,horrified geologists uncover millions of rocks in sprawling mass grave,,70,10,1,6.1,0,0,0,0,0,0.0,0,0,0,0,0,0,0,False,0,False,0.825,True,heuristic-high
news_headlines,news,train,0,things come apart so easily: asghar farhadi's about elly,,things come apart so easily: asghar farhadi's about elly,,56,9,1,5.222222222222222,0,0,0,0,0,0.0,0,0,0,0,0,0,0,False,0,False,0.9416666666666667,True,heuristic-high
news_headlines,news,train,1,new iowa poll finds majority of democrats would vote for candidate named 'bobby cheeseburger',,new iowa poll finds majority of democrats would vote for candidate named 'bobby cheeseburger',,93,14,1,5.714285714285714,0,0,0,0,0,0.0,0,0,0,0,0,0,0,False,0,False,0.8999999999999999,True,heuristic-high
news_headlines,news,train,1,bisexual's parents half-understand,,bisexual's parents half-understand,,34,4,1,7.75,0,0,0,0,0,0.0,0,0,0,0,0,0,0,False,0,False,0.755,True,heuristic-high
news_headlines,news,train,0,barack obama is fourth president to put americans at risk in iraq: let those threatened by the islamic state fight it,,barack obama is fourth president to put americans at risk in iraq: let those threatened by the islamic state fight it,,117,21,1,4.571428571428571,0,0,0,0,0,0.0,0,0,0,0,0,0,0,False,0,False,0.9416666666666667,True,heuristic-high
news_headlines,news,train,1,area ceo doesn't have time for this shit,,area ceo doesn't have time for this shit,,40,8,1,4.125,0,0,0,0,0,0.0,0,0,0,0,0,0,0,False,0,False,1.0,True,heuristic-high
news_headlines,news,train,0,3 leadership mistakes roger goodell made that you shouldn't,,3 leadership mistakes roger goodell made that you shouldn't,,59,8,1,6.25,0,0,0,0,0,0.0,0,0,0,0,0,0,0,False,0,False,0.86875,True,heuristic-high
news_headlines,news,train,1,"brilliant, innovative ceo just wrote words 'social media' on whiteboard and underlined it",,"brilliant, innovative ceo just wrote words 'social media' on whiteboard and underlined it",,89,13,1,5.846153846153846,0,0,0,0,0,0.0,0,0,0,0,0,0,1,True,0,False,0.9192307692307693,True,heuristic-high
news_headlines,news,train,0,man says he salutes a donald trump cardboard cutout every day,,man says he salutes a donald trump cardboard cutout every day,,61,11,1,4.636363636363637,0,0,0,0,0,0.0,0,0,0,0,0,0,0,False,0,False,0.8886363636363637,True,heuristic-high
news_headlines,news,train,0,the rich get richer,,the rich get richer,,19,4,1,4.0,0,0,0,0,0,0.0,0,0,0,0,0,0,0,False,0,False,1.0,True,heuristic-high
news_headlines,news,train,0,boston judge orders apple to help law enforcement examine iphone,,boston judge orders apple to help law enforcement examine iphone,,64,10,1,5.5,0,0,0,0,0,0.0,0,0,0,0,0,0,0,False,0,False,0.7375,True,heuristic-high
news_headlines,news,train,1,new anti-drug program teaches teens to resist psychiatrist's constant pressure to use drugs,,new anti-drug program teaches teens to resist psychiatrist's constant pressure to use drugs,,91,14,1,5.571428571428571,0,0,0,0,0,0.0,0,0,0,0,0,0,0,False,0,False,0.8999999999999999,True,heuristic-high
news_headlines,news,train,0,james comey just exposed his own hypocrisy on hillary clinton's emails,,james comey just exposed his own hypocrisy on hillary clinton's emails,,70,11,1,5.454545454545454,0,0,0,0,0,0.0,0,0,0,0,0,0,0,False,0,False,0.8886363636363637,True,heuristic-high
news_headlines,news,train,0,joe biden slams donald trump: 'he would have loved stalin',,joe biden slams donald trump: 'he would have loved stalin',,58,10,1,4.8,0,0,0,0,0,0.0,0,0,0,0,0,0,0,False,0,False,0.825,True,heuristic-high
news_headlines,news,train,1,there no way tv character could actually afford big 'new york city' coffee mug,,there no way tv character could actually afford big 'new york city' coffee mug,,78,14,1,4.642857142857143,0,0,0,0,0,0.0,0,0,0,0,0,0,0,False,0,False,0.8999999999999999,True,heuristic-high
news_headlines,news,train,0,elizabeth warren: new chat system lets banks avoid regulation with 'a wink and a nod',,elizabeth warren: new chat system lets banks avoid regulation with 'a wink and a nod',,85,15,1,4.666666666666667,0,0,0,0,0,0.0,0,0,0,0,0,0,0,False,0,False,0.8833333333333333,True,heuristic-high
news_headlines,news,train,0,mike pence says he 'stands with the president' on charlottesville,,mike pence says he 'stands with the president' on charlottesville,,65,10,1,5.6,0,0,0,0,0,0.0,0,0,0,0,0,0,0,False,0,False,1.0,True,heuristic-high
news_headlines,news,train,0,marco rubio's struggle to be more than a talking point machine,,marco rubio's struggle to be more than a talking point machine,,62,11,1,4.7272727272727275,0,0,0,0,0,0.0,0,0,0,0,0,0,0,False,0,False,0.9681818181818183,True,heuristic-high
news_headlines,news,train,0,steven spielberg says netflix films shouldn't qualify for oscars,,steven spielberg says netflix films shouldn't qualify for oscars,,64,9,1,6.222222222222222,0,0,0,0,0,0.0,0,0,0,0,0,0,0,False,0,False,0.7472222222222222,True,heuristic-high
news_headlines,news,train,1,area man feels even lazier when he thinks about how much isis has accomplished this year,,area man feels even lazier when he thinks about how much isis has accomplished this year,,88,16,1,4.5625,0,0,0,0,0,0.0,0,0,0,0,0,0,0,False,0,False,1.0,True,heuristic-high
news_headlines,news,train,0,the 'pitch perfect 3' ladies are #squadgoals at the atlanta falcons game,,the 'pitch perfect 3' ladies are squadgoals at the atlanta falcons game,,73,12,1,4.916666666666667,0,0,0,0,0,0.0,0,0,0,0,0,0,1,False,0,False,0.9416666666666667,True,heuristic-high
news_headlines,news,train,0,to the obese woman crying at the picnic table,,to the obese woman crying at the picnic table,,45,9,1,4.111111111111111,0,0,0,0,0,0.0,0,0,0,0,0,0,0,False,0,False,1.0,True,heuristic-high
news_headlines,news,train,1,urban polling centers recommend voters start lining up now for 2016 election,,urban polling centers recommend voters start lining up now for 2016 election,,76,11,1,5.545454545454546,0,0,0,0,0,0.0,0,0,0,0,0,0,0,False,0,False,0.8886363636363637,True,heuristic-high
news_headlines,news,train,0,the weird thing gop candidates are doing when they get called out on lies,,the weird thing gop candidates are doing when they get called out on lies,,73,14,1,4.285714285714286,0,0,0,0,0,0.0,0,0,0,0,0,0,0,False,0,False,1.0,True,heuristic-high
news_headlines,news,train,1,buzzfeed editors unsure how to spin petraeus story into reason the '90s were great,,buzzfeed editors unsure how to spin petraeus story into reason the '90s were great,,82,15,1,4.466666666666667,0,0,0,0,0,0.0,0,0,0,0,0,0,1,False,0,False,0.9416666666666667,True,heuristic-high
news_headlines,news,train,1,marine corps shortens slogan to 'the few',,marine corps shortens slogan to 'the few',,41,7,1,5.0,0,0,0,0,0,0.0,0,0,0,0,0,0,0,False,0,False,0.775,True,heuristic-high
news_headlines,news,train,1,woman who's been on the pill for years thinking about switching to new set of debilitating side effects,,woman who's been on the pill for years thinking about switching to new set of debilitating side effects,,103,18,1,4.777777777777778,0,0,0,0,0,0.0,0,0,0,0,0,0,0,False,0,False,1.0,True,heuristic-high
news_headlines,news,train,0,glenn close 'angry and darkly sad' about harvey weinstein allegations,,glenn close 'angry and darkly sad' about harvey weinstein allegations,,69,10,1,6.0,0,0,0,0,0,0.0,0,0,0,0,0,0,0,False,0,False,0.825,True,heuristic-high
news_headlines,news,train,0,this pic proves simone biles is a mere mortal after all,,this pic proves simone biles is a mere mortal after all,,55,11,1,4.090909090909091,0,0,0,0,0,0.0,0,0,0,0,0,0,0,False,0,False,1.0,True,heuristic-high
news_headlines,news,train,1,man forced to pathetically comb through movie for familiar scene after falling asleep previous night,,man forced to pathetically comb through movie for familiar scene after falling asleep previous night,,100,15,1,5.733333333333333,0,0,0,0,0,0.0,0,0,0,0,0,0,0,False,0,False,0.825,True,heuristic-high
news_headlines,news,train,0,how to criticize your kids without ruining their self-esteem,,how to criticize your kids without ruining their self-esteem,,60,10,1,5.1,0,0,0,0,0,0.0,0,0,0,0,0,0,0,False,0,False,1.0,True,heuristic-high
news_headlines,news,train,0,these stunning older celebs ruled the oscars red carpet,,these stunning older celebs ruled the oscars red carpet,,55,9,1,5.222222222222222,0,0,0,0,0,0.0,0,0,0,0,0,0,0,False,0,False,0.8444444444444444,True,heuristic-high
news_headlines,news,train,0,this labor day let's rethink the texas miracle,,this labor day let's rethink the texas miracle,,46,8,1,4.875,0,0,0,0,0,0.0,0,0,0,0,0,0,0,False,0,False,0.978125,True,heuristic-high
news_headlines,news,train,0,changing the playlist in my head,,changing the playlist in my head,,32,6,1,4.5,0,0,0,0,0,0.0,0,0,0,0,0,0,0,False,0,False,1.0,True,heuristic-high
news_headlines,news,train,1,congressman lets his guitar do the talking,,congressman lets his guitar do the talking,,42,7,1,5.142857142857143,0,0,0,0,0,0.0,0,0,0,0,0,0,0,False,0,False,1.0,True,heuristic-high
news_headlines,news,train,0,down with cutesy cleaning supplies!,,down with cutesy cleaning supplies!,,35,5,1,6.0,1,0,0,0,0,0.0,0,0,0,0,0,0,0,False,0,False,0.9299999999999999,True,heuristic-high
news_headlines,news,train,1,michele bachmann thankful no americans died in sikh shooting,,michele bachmann thankful no americans died in sikh shooting,,60,9,1,5.777777777777778,0,0,0,0,0,0.0,0,0,0,0,0,0,0,False,0,False,0.8444444444444444,True,heuristic-high
news_headlines,news,train,0,"mechanic stole city bus because he was late for work, police say",,"mechanic stole city bus because he was late for work, police say",,64,12,1,4.333333333333333,0,0,0,0,0,0.0,0,0,0,0,0,0,0,False,0,False,1.0,True,heuristic-high
news_headlines,news,train,0,this moose strikes a blow against the takeover of the machines,,this moose strikes a blow against the takeover of the machines,,62,11,1,4.7272727272727275,0,0,0,0,0,0.0,0,0,0,0,0,0,0,False,0,False,1.0,True,heuristic-high
news_headlines,news,train,0,get ready to lol at this 'force awakens' trailer with jar jar binks,,get ready to lol at this 'force awakens' trailer with jar jar binks,,67,13,1,4.230769230769231,0,0,0,0,0,0.0,0,0,0,0,0,0,1,False,0,False,0.9865384615384616,True,heuristic-high
news_headlines,news,train,1,complete idiot forgot to shave area between mouth and nose,,complete idiot forgot to shave area between mouth and nose,,58,10,1,4.9,0,0,0,0,0,0.0,0,0,0,0,0,0,0,False,0,False,0.825,True,heuristic-high
news_headlines,news,train,1,mom learns about new vegetable,,mom learns about new vegetable,,30,5,1,5.2,0,0,0,0,0,0.0,0,0,0,0,0,0,0,False,0,False,1.0,True,heuristic-high
news_headlines,news,train,0,donald trump picks dow chemical's andrew liveris to head american manufacturing council,,donald trump picks dow chemical's andrew liveris to head american manufacturing council,,87,12,1,6.333333333333333,0,0,0,0,0,0.0,0,0,0,0,0,0,0,False,0,False,0.7229166666666667,True,heuristic-high
news_headlines,news,train,0,a personal memory of former governor mario cuomo,,a personal memory of former governor mario cuomo,,48,8,1,5.125,0,0,0,0,0,0.0,0,0,0,0,0,0,0,False,0,False,0.86875,True,heuristic-high
news_headlines,news,train,0,why we should remember to treat every day like a special occasion,,why we should remember to treat every day like a special occasion,,65,12,1,4.5,0,0,0,0,0,0.0,0,0,0,0,0,0,0,False,0,False,1.0,True,heuristic-high
news_headlines,news,train,1,troop gradually withdraws,,troop gradually withdraws,,25,3,1,7.666666666666667,0,0,0,0,0,0.0,0,0,0,0,0,0,0,False,0,False,0.755,True,heuristic-high
news_headlines,news,train,1,fire department deploys unmarked trucks,,fire department deploys unmarked trucks,,39,5,1,7.0,0,0,0,0,0,0.0,0,0,0,0,0,0,0,False,0,False,0.755,True,heuristic-high
news_headlines,news,train,1,ted danson totally nails tonight show interview,,ted danson totally nails tonight show interview,,47,7,1,5.857142857142857,0,0,0,0,0,0.0,0,0,0,0,0,0,1,False,0,False,0.65,True,langdetect
news_headlines,news,train,0,"audra mcdonald, kirsten gillibrand to celebrate the lgbtq community in nyc",,"audra mcdonald, kirsten gillibrand to celebrate the lgbtq community in nyc",,74,11,1,5.7272727272727275,0,0,0,0,0,0.0,0,0,0,0,0,0,0,False,0,False,0.8886363636363637,True,heuristic-high
news_headlines,news,train,1,70-year-old woman decides it time to start dressing entirely in purple,,70-year-old woman decides it time to start dressing entirely in purple,,70,12,1,4.666666666666667,0,0,0,0,0,0.0,0,0,0,0,0,0,0,False,0,False,1.0,True,heuristic-high
news_headlines,news,train,0,10 worst provisions in the republican appropriations bill,,10 worst provisions in the republican appropriations bill,,57,7,1,6.857142857142857,0,0,0,0,0,0.0,0,0,0,0,0,0,0,False,0,False,0.8999999999999999,True,heuristic-high
news_headlines,news,train,1,woman in commercial doing yoga to narration of drug's fatal side effects,,woman in commercial doing yoga to narration of drug's fatal side effects,,72,12,1,5.083333333333333,0,0,0,0,0,0.0,0,0,0,0,0,0,0,False,0,False,0.86875,True,heuristic-high
news_headlines,news,train,1,zoo posting hourly updates on aphid about to give birth,,zoo posting hourly updates on aphid about to give birth,,55,10,1,4.6,0,0,0,0,0,0.0,0,0,0,0,0,0,0,False,0,False,1.0,True,heuristic-high
news_headlines,news,train,1,dave matthews band apologizes after tour bus dumps another 800 pounds of human shit onto same boat full of people,,dave matthews band apologizes after tour bus dumps another 800 pounds of human shit onto same boat full of people,,113,19,1,4.7894736842105265,0,0,0,0,0,0.0,0,0,0,0,0,0,0,False,0,False,0.8342105263157895,True,heuristic-high
news_headlines,news,train,0,why credit card points aren't the new miles,,why credit card points aren't the new miles,,43,8,1,4.5,0,0,0,0,0,0.0,0,0,0,0,0,0,0,False,0,False,0.86875,True,heuristic-high
news_headlines,news,train,0,samsung will give iphone owners a new galaxy phone to try for $1,,samsung will give iphone owners a new galaxy phone to try for $1,,64,12,1,4.166666666666667,0,0,0,0,0,0.0,0,0,0,0,0,0,0,False,0,False,1.0,True,heuristic-high
news_headlines,news,train,0,listen to lana del rey's new single 'honeymoon',,listen to lana del rey's new single 'honeymoon',,47,8,1,5.0,0,0,0,0,0,0.0,0,0,0,0,0,0,0,False,0,False,0.86875,True,heuristic-high
news_headlines,news,train,0,uw-whitewater chancellor reprimands students after mistaking skincare product for blackface,,uw-whitewater chancellor reprimands students after mistaking skincare product for blackface,,91,11,1,7.363636363636363,0,0,0,0,0,0.0,0,0,0,0,0,0,0,False,0,False,0.8090909090909091,True,heuristic-high
news_headlines,news,train,1,realistic day planner only includes first couple weeks after purchase,,realistic day planner only includes first couple weeks after purchase,,69,10,1,6.0,0,0,0,0,0,0.0,0,0,0,0,0,0,0,False,0,False,1.0,True,heuristic-high
news_headlines,news,train,1,palm tree fires off warning coconut,,palm tree fires off warning coconut,,35,6,1,5.0,0,0,0,0,0,0.0,0,0,0,0,0,0,0,False,0,False,0.65,True,langdetect
news_headlines,news,train,1,couple dressed as mario and luigi drunkenly making out on couch,,couple dressed as mario and luigi drunkenly making out on couch,,63,11,1,4.818181818181818,0,0,0,0,0,0.0,0,0,0,0,0,0,0,False,0,False,0.9681818181818183,True,heuristic-high
news_headlines,news,train,1,struggling media company almost desperate enough to hire someone qualified for job,,struggling media company almost desperate enough to hire someone qualified for job,,82,12,1,5.916666666666667,0,0,0,0,0,0.0,0,0,0,0,0,0,0,False,0,False,0.7958333333333334,True,heuristic-high
news_headlines,news,train,0,stop complaining about the evolution of text language. period.,,stop complaining about the evolution of text language. period.,,62,9,2,5.777777777777778,0,0,0,0,0,0.0,0,0,0,0,0,0,0,False,0,False,0.9416666666666667,True,heuristic-high
news_headlines,news,train,1,shipwreck survivors forced to endure ride home on disney cruise ship,,shipwreck survivors forced to endure ride home on disney cruise ship,,68,11,1,5.2727272727272725,0,0,0,0,0,0.0,0,0,0,0,0,0,0,False,0,False,0.8090909090909091,True,heuristic-high
news_headlines,news,train,0,rupert murdoch bashes as 'nonsense' concerns about sexual harassment at fox,,rupert murdoch bashes as 'nonsense' concerns about sexual harassment at fox,,75,11,1,5.909090909090909,0,0,0,0,0,0.0,0,0,0,0,0,0,0,False,0,False,0.8886363636363637,True,heuristic-high
news_headlines,news,train,1,census finds enough homeless people living in public library to warrant congressional district,,census finds enough homeless people living in public library to warrant congressional district,,94,13,1,6.3076923076923075,0,0,0,0,0,0.0,0,0,0,0,0,0,0,False,0,False,0.851923076923077,True,heuristic-high
news_headlines,news,train,0,lin-manuel miranda and the rock made a musical parody about millennials,,lin-manuel miranda and the rock made a musical parody about millennials,,71,12,1,5.0,0,0,0,0,0,0.0,0,0,0,0,0,0,0,False,0,False,0.9416666666666667,True,heuristic-high
news_headlines,news,train,1,"report: 1 in 5 air ducts contains person looking, listening in on you",,"report: 1 in 5 air ducts contains person looking, listening in on you",,69,11,1,4.818181818181818,0,0,0,0,0,0.0,0,0,0,0,0,0,0,False,0,False,0.9681818181818183,True,heuristic-high
news_headlines,news,train,0,cnn taunts trump and the gop with 'schoolhouse rock',,cnn taunts trump and the gop with 'schoolhouse rock',,52,9,1,4.888888888888889,0,0,0,0,0,0.0,0,0,0,0,0,0,0,False,0,False,0.9416666666666667,True,heuristic-high
news_headlines,news,train,1,hillary clinton suspended 3 weeks by fec for spitting on volunteer,,hillary clinton suspended 3 weeks by fec for spitting on volunteer,,66,10,1,5.5,0,0,0,0,0,0.0,0,0,0,0,0,0,0,False,0,False,0.9125,True,heuristic-high
news_headlines,news,train,1,officials warn consumers of counterfeit tickets ahead of solar eclipse,,officials warn consumers of counterfeit tickets ahead of solar eclipse,,70,10,1,6.1,0,0,0,0,0,0.0,0,0,0,0,0,0,0,False,0,False,0.825,True,heuristic-high
news_headlines,news,train,1,fbi shuts down prominent new isis recruitment website,,fbi shuts down prominent new isis recruitment website,,53,8,1,5.75,0,0,0,0,0,0.0,0,0,0,0,0,0,0,False,0,False,0.759375,True,heuristic-high
news_headlines,news,train,0,the one thing you need for positive change,,the one thing you need for positive change,,42,8,1,4.375,0,0,0,0,0,0.0,0,0,0,0,0,0,0,False,0,False,1.0,True,heuristic-high
news_headlines,news,train,0,supreme court justice sotomayor continues duties after breaking shoulder,,supreme court justice sotomayor continues duties after breaking shoulder,,72,9,1,7.111111111111111,0,0,0,0,0,0.0,0,0,0,0,0,0,0,False,0,False,0.7472222222222222,True,heuristic-high
news_headlines,news,train,1,area facebook user incredibly stupid,,area facebook user incredibly stupid,,36,5,1,6.4,0,0,0,0,0,0.0,0,0,0,0,0,0,0,False,0,False,0.755,True,heuristic-high
news_headlines,news,train,1,strapping young man to address congress,,strapping young man to address congress,,39,6,1,5.666666666666667,0,0,0,0,0,0.0,0,0,0,0,0,0,0,False,0,False,0.7958333333333334,True,heuristic-high
news_headlines,news,train,0,"indecency, politics and the fcc: a new round in the culture wars?",,"indecency, politics and the fcc: a new round in the culture wars?",,65,12,1,4.25,0,1,0,0,0,0.0,0,0,0,0,0,0,0,False,0,False,1.0,True,heuristic-high
news_headlines,news,train,0,why i no longer support israel,,why i no longer support israel,,30,6,1,4.166666666666667,0,0,0,0,0,0.0,0,0,0,0,0,0,0,False,0,False,0.9416666666666667,True,heuristic-high
news_headlines,news,train,1,"area man too busy for his buddy phil, eh?",,"area man too busy for his buddy phil, eh?",,41,9,1,3.4444444444444446,0,1,0,0,0,0.0,0,0,0,0,0,0,0,False,0,False,0.9416666666666667,True,heuristic-high
news_headlines,news,train,0,senate panel unanimously approves chris wray's nomination as fbi director,,senate panel unanimously approves chris wray's nomination as fbi director,,73,10,1,6.4,0,0,0,0,0,0.0,0,0,0,0,0,0,0,False,0,False,0.7375,True,heuristic-high
news_headlines,news,train,0,kanye west's partnership with adidas is about to get huge,,kanye west's partnership with adidas is about to get huge,,57,10,1,4.8,0,0,0,0,0,0.0,0,0,0,0,0,0,0,False,0,False,1.0,True,heuristic-high
news_headlines,news,train,0,o'casey's plays return to stage at philly irish theater,,o'casey's plays return to stage at philly irish theater,,55,9,1,5.222222222222222,0,0,0,0,0,0.0,0,0,0,0,0,0,0,False,0,False,0.8444444444444444,True,heuristic-high
news_headlines,news,train,0,7 very important reasons to take a nap right now,,7 very important reasons to take a nap right now,,48,9,1,4.222222222222222,0,0,0,0,0,0.0,0,0,0,0,0,0,1,False,0,False,1.0,True,heuristic-high
news_headlines,news,train,1,report: 50% of heaven's population just assholes who begged for forgiveness at last second,,report: 50% of heaven's population just assholes who begged for forgiveness at last second,,90,13,1,5.615384615384615,0,0,0,0,0,0.0,0,0,0,0,0,0,0,False,0,False,0.9865384615384616,True,heuristic-high
news_headlines,news,train,1,'elle' magazine accidentally airbrushes naomi watts out of cover altogether,,'elle' magazine accidentally airbrushes naomi watts out of cover altogether,,75,10,1,6.6,0,0,0,0,0,0.0,0,0,0,0,0,0,0,False,0,False,0.825,True,heuristic-high
news_headlines,news,train,0,trump's tailspin,,trump's tailspin,,16,2,1,7.5,0,0,0,0,0,0.0,0,0,0,0,0,0,0,False,0,False,0.755,True,heuristic-high
news_headlines,news,train,1,international space station tented to spray for xenomorphs,,international space station tented to spray for xenomorphs,,58,8,1,6.375,0,0,0,0,0,0.0,0,0,0,0,0,0,0,False,0,False,0.86875,True,heuristic-high
news_headlines,news,train,1,passengers praying uber just a hobby for elderly driver,,passengers praying uber just a hobby for elderly driver,,55,9,1,5.222222222222222,0,0,0,0,0,0.0,0,0,0,0,0,0,0,False,0,False,0.9416666666666667,True,heuristic-high
news_headlines,news,train,0,the top 10 workout songs for january 2018,,the top 10 workout songs for january 2018,,41,6,1,4.666666666666667,0,0,0,0,0,0.0,0,0,0,0,0,0,0,False,0,False,0.9416666666666667,True,heuristic-high
news_headlines,news,train,0,meryl streep looks exactly like the 'shrek' fairy godmother at the oscars,,meryl streep looks exactly like the 'shrek' fairy godmother at the oscars,,73,12,1,5.166666666666667,0,0,0,0,0,0.0,0,0,0,0,0,0,0,False,0,False,0.9416666666666667,True,heuristic-high
news_headlines,news,train,1,couple just wants small ceremony in public park with close friends and shirtless stranger hanging around tree,,couple just wants small ceremony in public park with close friends and shirtless stranger hanging around tree,,109,17,1,5.470588235294118,0,0,0,0,0,0.0,0,0,0,0,0,0,0,False,0,False,0.8558823529411765,True,heuristic-high
news_headlines,news,train,1,terrified fda warns something making bananas black after several days,,terrified fda warns something making bananas black after several days,,69,10,1,6.0,0,0,0,0,0,0.0,0,0,0,0,0,0,0,False,0,False,0.7375,True,heuristic-high
news_headlines,news,train,0,aspen ideas festival 2015,,aspen ideas festival 2015,,25,3,1,6.0,0,0,0,0,0,0.0,0,0,0,0,0,0,0,False,0,False,0.755,True,heuristic-high
news_headlines,news,train,0,"this labor day, let's boost opportunity in every zip code",,"this labor day, let's boost opportunity in every zip code",,57,10,1,4.7,0,0,0,0,0,0.0,0,0,0,0,0,0,0,False,0,False,0.9125,True,heuristic-high
news_headlines,news,train,0,taking your startup public is fraught with negatives,,taking your startup public is fraught with negatives,,52,8,1,5.625,0,0,0,0,0,0.0,0,0,0,0,0,0,0,False,0,False,0.978125,True,heuristic-high
news_headlines,news,train,0,al franken will leave senate in early january,,al franken will leave senate in early january,,45,8,1,4.75,0,0,0,0,0,0.0,0,0,0,0,0,0,0,False,0,False,0.86875,True,heuristic-high
news_headlines,news,train,0,donald trump vows to take travel ban to the supreme court,,donald trump vows to take travel ban to the supreme court,,57,11,1,4.2727272727272725,0,0,0,0,0,0.0,0,0,0,0,0,0,0,False,0,False,0.9681818181818183,True,heuristic-high
news_headlines,news,train,0,"hackers target russian olympic whistleblower, world anti-doping agency says",,"hackers target russian olympic whistleblower, world anti-doping agency says",,75,10,1,6.5,0,0,0,0,0,0.0,0,0,0,0,0,0,0,False,0,False,0.65,True,langdetect
news_headlines,news,train,0,"underserved kids learn a year's worth of math in 6 weeks, thanks to new app",,"underserved kids learn a year's worth of math in 6 weeks, thanks to new app",,75,14,1,4.214285714285714,0,0,0,0,0,0.0,0,0,0,0,0,0,0,False,0,False,0.9625,True,heuristic-high
news_headlines,news,train,0,'stranger pugs' is the greatest thing to happen to the internet,,'stranger pugs' is the greatest thing to happen to the internet,,63,11,1,4.818181818181818,0,0,0,0,0,0.0,0,0,0,0,0,0,0,False,0,False,1.0,True,heuristic-high
news_headlines,news,train,0,morgan freeman's snapchat fail is hilariously perfect,,morgan freeman's snapchat fail is hilariously perfect,,53,7,1,6.714285714285714,0,0,0,0,0,0.0,0,0,0,0,0,0,1,False,0,False,0.775,True,heuristic-high
news_headlines,news,train,0,social media etiquette for weddings,,social media etiquette for weddings,,35,5,1,6.2,0,0,0,0,0,0.0,0,0,0,0,0,0,0,False,0,False,0.9299999999999999,True,heuristic-high
news_headlines,news,train,0,princess charlotte has maybe the most fashionable christening ever,,princess charlotte has maybe the most fashionable christening ever,,66,9,1,6.444444444444445,0,0,0,0,0,0.0,0,0,0,0,0,0,0,False,0,False,0.9416666666666667,True,heuristic-high
news_headlines,news,train,1,teddy bear feels terrible for sparking 'what are we?' conversation,,teddy bear feels terrible for sparking 'what are we?' conversation,,66,11,1,5.090909090909091,0,1,0,0,0,0.0,0,0,0,0,0,0,0,False,0,False,0.8886363636363637,True,heuristic-high
news_headlines,news,train,1,man flirting with girl at party can't wait to be informed she has boyfriend,,man flirting with girl at party can't wait to be informed she has boyfriend,,75,14,1,4.428571428571429,0,0,0,0,0,0.0,0,0,0,0,0,0,0,False,0,False,1.0,True,heuristic-high
news_headlines,news,train,1,mysterious man in parking lot threatens to harm rudy giuliani if he ever blabs about trump's legal payments again,,mysterious man in parking lot threatens to harm rudy giuliani if he ever blabs about trump's legal payments again,,113,19,1,5.0,0,0,0,0,0,0.0,0,0,0,0,0,0,0,False,0,False,0.8802631578947369,True,heuristic-high
news_headlines,news,train,1,obama under fire for playing t-ball during vietnam,,obama under fire for playing t-ball during vietnam,,50,9,1,4.666666666666667,0,0,0,0,0,0.0,0,0,0,0,0,0,0,False,0,False,0.7472222222222222,True,heuristic-high
news_headlines,news,train,0,this unorthodox guided meditation might just get you in the habit,,this unorthodox guided meditation might just get you in the habit,,65,11,1,5.0,0,0,0,0,0,0.0,0,0,0,0,0,0,0,False,0,False,1.0,True,heuristic-high
news_headlines,news,train,0,women reveal the real purpose of workout clothes,,women reveal the real purpose of workout clothes,,48,8,1,5.125,0,0,0,0,0,0.0,0,0,0,0,0,0,0,False,0,False,0.86875,True,heuristic-high
news_headlines,news,train,0,hope solo says ex-fifa president sepp blatter groped her,,hope solo says ex-fifa president sepp blatter groped her,,56,10,1,4.7,0,0,0,0,0,0.0,0,0,0,0,0,0,0,False,0,False,0.7375,True,heuristic-high
news_headlines,news,train,1,study: good porn still hard to find,,study: good porn still hard to find,,35,7,1,4.0,0,0,0,0,0,0.0,0,0,0,0,0,0,0,False,0,False,1.0,True,heuristic-high
news_headlines,news,train,1,lester holt begins debate by reiterating he doesn't know who these fucking people are,,lester holt begins debate by reiterating he doesn't know who these fucking people are,,85,14,1,5.142857142857143,0,0,0,0,0,0.0,0,0,0,0,0,0,0,False,0,False,1.0,True,heuristic-high
news_headlines,news,train,1,homosexual dolphin has highly developed sense of gay-nar,,homosexual dolphin has highly developed sense of gay-nar,,56,9,1,5.333333333333333,0,0,0,0,0,0.0,0,0,0,0,0,0,0,False,0,False,0.8444444444444444,True,heuristic-high
news_headlines,news,train,0,"children are in need of families, and you may be the perfect fit",,"children are in need of families, and you may be the perfect fit",,64,13,1,3.923076923076923,0,0,0,0,0,0.0,0,0,0,0,0,0,1,False,0,False,1.0,True,heuristic-high
news_headlines,news,train,0,"vladimir putin, florida man, arrested for trespassing at supermarket",,"vladimir putin, florida man, arrested for trespassing at supermarket",,68,9,1,6.444444444444445,0,0,0,0,0,0.0,0,0,0,0,0,0,0,False,0,False,0.8444444444444444,True,heuristic-high
news_headlines,news,train,1,report: mom sending you something,,report: mom sending you something,,33,5,1,5.6,0,0,0,0,0,0.0,0,0,0,0,0,0,0,False,0,False,0.9299999999999999,True,heuristic-high
news_headlines,news,train,0,ben affleck vs. bill maher: no one wins,,ben affleck vs. bill maher: no one wins,,39,8,1,3.75,0,0,0,0,0,0.0,0,0,0,0,0,0,0,False,0,False,0.86875,True,heuristic-high
