label,comment_clean,parent_clean,subreddit,author,score,ups,downs,ups_is_missing,downs_is_missing,is_controversial,date,created_utc,year,month,hour_utc,weekday,n_chars,n_words,n_sentences,avg_word_len,n_exclam,n_question,n_ellipsis,n_repeat_punct,n_allcaps_words,allcaps_ratio,n_emoji,n_elongation,n_scare_quotes,n_urls,n_mentions,n_hashtags,n_interjections,starts_with_interjection,has_positive_interjection,parent_n_words,parent_n_chars,parent_is_empty,parent_jaccard,len_ratio_to_parent,had_slash_s,had_label_hashtag,had_explicit_sarcasm_word,en_score,lang_method,parent_key,split
0,is it worth it to go for mushroom stews?,"Since mushroom stew costs 50k and your initial KC cap is 40k, I'd say no. The only way to increase the KC limit is through the TDM menu, and you're gonna want to buy some mushroom stew before too long.",LetItDie,rafikiknowsdeway1,1.0,-1.0,-1.0,True,True,True,2016-12,2016-12-24 02:03:56,2016,12,2,5,40,9,1,3.4444444444444446,0,1,0,0,0,0.0,0,0,0,0,0,0,0,False,False,40,201,False,0.08333333333333333,0.225,False,False,False,1.0,heuristic-high,09403c945f213eca,test
0,A rich tradition started by Black Reign,"You ever hear of the Freshman 15 where college freshmen gain 15lbs? Well, in pro wrestling, there is the TNA 15.",SquaredCircle,BathedInDeepFog,76.0,76.0,0.0,False,False,False,2016-09,2016-09-10 20:13:48,2016,9,20,5,39,7,1,4.714285714285714,0,0,0,0,0,0.0,0,0,0,0,0,0,0,False,False,19,112,False,0.0,0.36842105,False,False,False,0.8999999999999999,heuristic-high,9a553c9fdd583c4a,test
1,I think taking away his x-box and giving him a macbook air would work better than a playstation,You should buy him a Playstation as punishment. In all seriousness...myself and my brothers used to get really competitive at the EA NHL games in the 90s...a few fisticuffs here and there. Well...we lost the TV we used for video games for two months before we got it back. No fisticuffs were had again. You should probably take away his Xbox for some time.,relationships,El_Hunters,11.0,-1.0,-1.0,True,True,False,2016-12,2016-12-25 10:15:04,2016,12,10,6,95,19,1,4.052631578947368,0,0,0,0,0,0.0,0,0,0,0,0,0,0,False,False,67,356,False,0.09230769230769231,0.2835821,False,False,False,1.0,heuristic-high,5971f0f7b1efc214,test
1,yeah but they were the greatest 18 mins of all time,He only played 18 minutes. You're really overrating the impact he had on this game,nba,shuttl3s,-2.0,-1.0,-1.0,True,True,False,2016-10,2016-10-26 16:56:26,2016,10,16,2,51,10,1,3.9,0,0,0,0,0,0.0,0,0,0,0,0,0,1,True,True,14,82,False,0.045454545454545456,0.71428573,False,False,False,1.0,heuristic-high,7cdc242160f50227,test
0,"You can assign blue states to him too, you know.","On the Cnn interactive map if you give Trump everyone of shier ""battleground"" states he STILL LOSES! SHILLS!",The_Donald,GuyWithNoName67,1.0,-1.0,-1.0,True,True,True,2016-11,2016-11-02 03:46:52,2016,11,3,2,48,10,1,3.7,0,0,0,0,0,0.0,0,0,0,0,0,0,0,False,False,18,108,False,0.08,0.5555556,False,False,False,1.0,heuristic-high,21b6ff2a26e7a540,test
0,"No, but the drawings you have done of it are.","If sleeping with your Braixen is wrong, I don't want to be right!",MLPLounge,invisiblecamel,2.0,-1.0,-1.0,True,True,False,2016-10,2016-10-19 13:20:39,2016,10,13,2,45,10,1,3.4,0,0,0,0,0,0.0,0,0,0,0,0,0,0,False,False,13,65,False,0.0,0.7692308,False,False,False,1.0,heuristic-high,02ec67b11d56c4f1,test
0,2/10 without rice,"""Not again""",creepy,torb,1.0,-1.0,-1.0,True,True,True,2016-12,2016-12-25 21:22:34,2016,12,21,6,17,2,1,5.5,0,0,0,0,0,0.0,0,0,0,0,0,0,0,False,False,2,11,False,0.0,1.0,False,False,False,0.755,heuristic-high,a505ff2062b8ad2f,test
1,He's not cheating you're just a silver scrub,Just me or does this look robotic asf?,VACsucks,Fr0zzen_HS,10.0,10.0,0.0,False,False,False,2016-09,2016-09-10 11:14:15,2016,9,11,5,44,8,1,4.625,0,0,0,0,0,0.0,0,0,0,0,0,0,0,False,False,8,38,False,0.06666666666666667,1.0,False,False,False,0.978125,heuristic-high,6f5c5642b6de669a,test
1,They do if you pronounce 'jesus' like the mexicans do!,"Also, I'm pretty ""Zoos"" and ""JEEZ-us"" do not end in the same phoneme.",TopMindsOfReddit,TotalInvisibility,2.0,2.0,0.0,False,False,False,2016-09,2016-09-21 07:28:02,2016,9,7,2,54,10,1,4.4,1,0,0,0,0,0.0,0,0,0,0,0,0,0,False,False,14,69,False,0.09523809523809523,0.71428573,False,False,False,1.0,heuristic-high,4f03a14e814136ed,test
1,"""Showers will be provided.""",So Diverse(TM) and Tolerant(C) that they loop right back into total racism...oh well what else can you expect from a Modern Progressive(PP) campus these days?,TumblrInAction,GodotIsWaiting4U,1.0,1.0,0.0,False,False,True,2016-09,2016-09-24 15:35:03,2016,9,15,5,27,4,1,5.25,0,0,0,0,0,0.0,0,0,1,0,0,0,0,False,False,29,158,False,0.0,0.13793103,False,False,False,1.0,heuristic-high,06b1b5e43a42ed29,test
1,"And because of the lack of fluoride, the people aren't being brainwashed into obedience","Portland also has the issue that their water isn't fluoridated, so their teeth are rooting out of their faces.",SubredditDrama,Not-an-account,3.0,-1.0,-1.0,True,True,False,2016-12,2016-12-07 16:17:40,2016,12,16,2,87,14,1,5.214285714285714,0,0,0,0,0,0.0,0,0,0,0,0,0,0,False,False,19,110,False,0.07407407407407407,0.7368421,False,False,False,1.0,heuristic-high,78c0545726f66ae0,test
1,"But aren't we all worshipping ""gods"" that are already dead?",She is quite literally a god to lot of the folks. Her dying would mean the death of their god which they can't accept.Stupid as shit but I can't think of any other reason,india,iphone4Suser,1.0,-1.0,-1.0,True,True,True,2016-12,2016-12-05 05:20:20,2016,12,5,0,59,10,1,4.7,0,1,0,0,0,0.0,0,0,1,0,0,0,0,False,False,35,170,False,0.02564102564102564,0.2857143,False,False,False,1.0,heuristic-high,c1c23e23d047cce1,test
1,ITT: People not getting over the fact that women are funny.,Amy Schumer tries to be funny on the red carpet and does exactly what South Park mocked in their last episode.,southpark,nasty_nate,45.0,45.0,0.0,False,False,False,2016-09,2016-09-20 14:01:30,2016,9,14,1,59,11,1,4.2727272727272725,0,0,0,0,1,0.09090909090909091,0,0,0,0,0,0,0,False,False,21,110,False,0.06666666666666667,0.52380955,False,False,False,1.0,heuristic-high,9618031918145a8f,test
0,I for one cannot wait until our based god king emperor takes office and ends the policy of giving awards to leftist shills and socialist Hollywood stars.,"Sully Sulenberger doesn't get a Medal of Freedom, but DeNiro, Ellen, Redford do?",The_Donald,TheSaltyFlipper,3.0,-1.0,-1.0,True,True,False,2016-12,2016-12-03 03:12:26,2016,12,3,5,153,27,1,4.666666666666667,0,0,0,0,0,0.0,0,0,0,0,0,0,0,False,False,13,80,False,0.02631578947368421,2.0769231,False,False,False,0.9416666666666667,heuristic-high,913d16778323ffee,test
0,(it was actually 9),"I think the January cover of NatGeo might be a good place to start. ""Did you see this piece on a 7 year old trans kid? I thought it was interesting..."" And see where the conversation leads. As someone else said, pretty much any news story would work. Not fluff pieces about brave and stunning transwomen, I mean stories that actually exercise a smidge of critical thinking.",GenderCritical,jwoodward48r,-2.0,-1.0,-1.0,True,True,False,2016-12,2016-12-19 20:28:15,2016,12,20,0,19,3,1,4.333333333333333,0,0,0,0,0,0.0,0,0,0,0,0,0,0,False,False,66,373,False,0.05172413793103448,0.045454547,False,False,False,1.0,heuristic-high,07d527fee827b213,test
1,Chris Christie,Someone catch me up. Who is the fatman,The_Donald,UnoriginalNickname,5.0,-1.0,-1.0,True,True,False,2016-10,2016-10-26 11:42:47,2016,10,11,2,14,2,1,6.5,0,0,0,0,0,0.0,0,0,0,0,0,0,0,False,False,8,38,False,0.0,0.25,False,False,False,0.755,heuristic-high,a3da4c532b58ed0b,test
0,This was all part of Mudiji's masterplan to stop black muny.,"Demonetisation impact: Production on decline, Mumbai workers in small factories lose jobs. The final products made out of these raw materials are usually sold in small shops or local trains, where customers have no option but to pay in cash.",india,TheRealElvisPresley,4.0,-1.0,-1.0,True,True,False,2016-12,2016-12-12 02:53:33,2016,12,2,0,60,11,1,4.454545454545454,0,0,0,0,0,0.0,0,0,0,0,0,0,0,False,False,40,241,False,0.043478260869565216,0.275,False,False,False,1.0,heuristic-high,28bcbd3c03c99c7d,test
0,That was like Sinpsons parodying a episode of Seinfield.,"Kramer starts wearing house slippers everywhere and this prompts George to do the same thing. George gets a huge promotion at work because he's thinking outside of the box. Elaine jokingly pitches this to J. Peterman who alters his entire Fall line to reflect this new trend. Jerry thinks the slippers craze is a horrible idea but his current girlfriend thinks slippers are the New Yoga. In one day, 25,000 people die from slipping and falling on the job, in front of cars, off staircases, slipping off gas pedal etc... Police and Firefighters can't do their job correctly because of wearing their new slippers. President elect Donald Trump endorses his own pair of Golden Slippers. Turns to wave on top of the stairs getting on his plane, slips, falls and dies due to the complications of his fall. George and Kramer, the face of the new Slippers craze and kings of this new World Wide movement began to get sued. Obama pardons them both.",RedditWritesSeinfeld,everyonelikesupvotes,1.0,-1.0,-1.0,True,True,True,2016-12,2016-12-10 05:19:45,2016,12,5,5,56,9,1,5.222222222222222,0,0,0,0,0,0.0,0,0,0,0,0,0,0,False,False,163,939,False,0.017857142857142856,0.055214725,False,False,False,1.0,heuristic-high,b321ac86828c8b46,test
1,Damn I forgot the,salt shaker,hardwareswap,biosine,1.0,1.0,0.0,False,False,True,2016-09,2016-09-23 19:37:41,2016,9,19,4,17,4,1,3.5,0,0,0,0,0,0.0,0,0,0,0,0,0,0,False,False,2,11,False,0.0,2.0,False,False,False,1.0,heuristic-high,3149a878f404618d,test
0,Dibs on his stuff!,Bye bye,wow,rabidstoat,1.0,-1.0,-1.0,True,True,True,2016-12,2016-12-21 01:35:57,2016,12,1,2,18,4,1,3.5,1,0,0,0,0,0.0,0,0,0,0,0,0,0,False,False,2,7,False,0.0,2.0,False,False,False,1.0,heuristic-high,755a20a17a52fb76,test
0,one final kick in the groin for my fantasy weekend.,Not playing.,FantasyPL,JahShoes2123,2.0,-1.0,-1.0,True,True,False,2016-11,2016-11-21 20:06:29,2016,11,20,0,51,10,1,4.1,0,0,0,0,0,0.0,0,0,0,0,0,0,0,False,False,2,12,False,0.0,5.0,False,False,False,1.0,heuristic-high,008be4704bb00601,test
0,It's good to be king.,TIL all passengers and crew of Saudia Flight 163 died because the King's aircraft was taking off while their own aircraft burned up,todayilearned,indoninja,0.0,-1.0,-1.0,True,True,True,2016-12,2016-12-29 12:06:36,2016,12,12,3,21,5,1,3.2,0,0,0,0,0,0.0,0,0,0,0,0,0,0,False,False,22,131,False,0.0,0.22727273,False,False,False,1.0,heuristic-high,431dd6269b4679ca,test
0,"there should be somewhat of a introduction cinematic, I had the same problem when the game came out, try pressing square/x and the cinematic should pop up",I cant buy anything in the Quarters. There is shown i have enought keys and also the boxes from the season pass but i cant open any. Did someone else ran into this befor ?,Infinitewarfare,shapedragon1,2.0,-1.0,-1.0,True,True,False,2016-11,2016-11-27 14:56:14,2016,11,14,6,154,28,1,4.464285714285714,0,0,0,0,0,0.0,0,0,0,0,0,0,0,False,False,34,171,False,0.08163265306122448,0.8235294,False,False,False,1.0,heuristic-high,4488d5e5db72368e,test
0,"I care about your opinion on that, thanks for sharing.","The fact you act like a 13 year old and let reddit mod powers get to your head is my problem. How you feel about Bacon is your own issue, I was just letting you know you played yourself. You came out looking like a real whiny fucking baby. But do you man. This sub deserves better than the way you act sometimes. That's all it is. Have a good one.",NHLHUT,anonmarmot,1.0,-1.0,-1.0,True,True,True,2016-12,2016-12-12 14:51:58,2016,12,14,0,54,10,1,4.3,0,0,0,0,0,0.0,0,0,0,0,0,0,0,False,False,70,347,False,0.047619047619047616,0.14285715,False,False,False,1.0,heuristic-high,68fe82d67f77121d,test
0,ghost ride the whip!,Clearly they are ghost riding.,magicTCG,KryXun,1.0,1.0,0.0,False,False,True,2016-09,2016-09-02 20:33:08,2016,9,20,4,20,4,1,4.0,1,0,0,0,0,0.0,0,0,0,0,0,0,0,False,False,5,30,False,0.125,0.8,False,False,False,0.97375,heuristic-high,c007e59f93b3d62d,test
0,oooh and being able to not worry about sucking your stomach in or anything... I miss being pregnant :(,"I've never been this large in my life, and all I can think is... That I'm so grateful to be pregnant in an era during which it is acceptable by society at large to wear leggings as pants.",BabyBumps,super_vixen,7.0,-1.0,-1.0,True,True,False,2016-10,2016-10-05 23:59:43,2016,10,23,2,102,18,1,4.388888888888889,0,0,1,1,0,0.0,0,1,0,0,0,0,0,False,False,38,187,False,0.10869565217391304,0.47368422,False,False,False,1.0,heuristic-high,83bab8959647b897,test
0,Umibouzu beats the shit out of everyone there.,Baldies (x-post from onepunchman ),dbz,werobamexicanloki,2.0,2.0,0.0,False,False,False,2016-05,2016-05-09 00:34:13,2016,5,0,0,46,8,1,4.75,0,0,0,0,0,0.0,0,0,0,0,0,0,0,False,False,5,36,False,0.0,1.6,False,False,False,1.0,heuristic-high,f4553013474e79a0,val
1,STOP TRIGGERING HIM YOU CIS GENDERED SCUM!,"No they don't, actually. This show has had 6 seasons to introduce us to a good LGBT character and they waited until this SJW nonsense was all over the news to have a throw away scene where one character who has shown no previous Lesbian tendencies in the past is suddenly Lesbian, and now it looks like a second character will have the same kind of scene in Ep, 9. Yes, its pandering.",freefolk,XTCGeneration,5.0,5.0,0.0,False,False,False,2016-06,2016-06-16 20:22:15,2016,6,20,3,42,7,1,5.0,1,0,0,0,7,1.0,0,0,0,0,0,0,0,False,False,71,384,False,0.0,0.09859155,False,False,False,0.8999999999999999,heuristic-high,be0b151520ac85b6,val
0,Do you drive a brown probe?,I'm a proctologist...,soccer,ElPapiGrande,2.0,2.0,0.0,False,False,False,2016-07,2016-07-25 21:42:38,2016,7,21,0,27,6,1,3.5,0,1,0,0,0,0.0,0,0,0,0,0,0,0,False,False,3,21,False,0.125,2.0,False,False,False,1.0,heuristic-high,bc207c1480914936,test
0,Nuke wouldn't get through unless she dropped it right in the middle,"""Nerf this!""",Overwatch,Rezu55,6.0,6.0,0.0,False,False,False,2016-06,2016-06-03 10:24:40,2016,6,10,4,67,12,1,4.666666666666667,0,0,0,0,0,0.0,0,0,0,0,0,0,1,False,False,2,12,False,0.0,6.0,False,False,False,1.0,heuristic-high,e2f6fa7bc43dbd33,val
1,Nice sweater.,"Sixteen onths. From 320 pounds to 190. 30 years old, 6'1"" height. Skin excess is a bitch, but i'm glad of what I manage to do so far. Still wanting to lose some 15 to 20 pounds.",NakedProgress,I_know_err-y-thing,0.0,0.0,0.0,False,False,True,2016-07,2016-07-08 12:14:24,2016,7,12,4,13,2,1,5.5,0,0,0,0,0,0.0,0,0,0,0,0,0,1,True,False,32,177,False,0.0,0.0625,False,False,False,0.755,heuristic-high,010f87e1a4e94d6d,test
0,"We've ""had enough of experts"" -former Secretary of State for Education.",Black Salve - Cancer 'Treatment' That Burns Holes in You!,videos,Hythy,1.0,1.0,0.0,False,False,True,2016-08,2016-08-27 00:16:04,2016,8,0,5,71,11,1,5.181818181818182,0,0,0,0,0,0.0,0,0,1,0,0,0,0,False,False,9,57,False,0.0,1.2222222,False,False,False,0.9681818181818183,heuristic-high,82311fb58be84c90,test
1,That's not annoying at all.,Typical Tim Kennedy tweet,MMA,storylove,-1.0,-1.0,0.0,True,False,True,2016-06,2016-06-24 01:08:25,2016,6,1,4,27,5,1,4.4,0,0,0,0,0,0.0,0,0,0,0,0,0,0,False,False,4,25,False,0.0,1.25,False,False,False,1.0,heuristic-high,327006e657e64a1c,val
1,oh there's some of that beautiful indigenous culture that white people shouldn't have wiped out.,Aztec burial of a sacrificed child,creepy,alexiecocoa,0.0,-1.0,-1.0,True,True,True,2016-10,2016-10-31 02:05:51,2016,10,2,0,96,15,1,5.4,0,0,0,0,0,0.0,0,0,0,0,0,0,1,True,True,6,34,False,0.05263157894736842,2.5,False,False,False,1.0,heuristic-high,cadabdce219d22a7,test
0,"I'll buy, put it on grailed and pm me.",Can you give me an estimate? Trying to sell it.,streetwear,GoSuAmazing,5.0,5.0,0.0,False,False,False,2016-05,2016-05-17 00:58:36,2016,5,0,1,38,9,1,3.111111111111111,0,0,0,0,0,0.0,0,0,0,0,0,0,0,False,False,10,47,False,0.11764705882352941,0.9,False,False,False,1.0,heuristic-high,6e79ade553ff01c9,val
1,In hearing things like this it makes me wonder genuinely why people are turning away from religion...,"Remarried Catholics must avoid sex and live like 'brother and sister,' archbishop says",nottheonion,Budnacho,2.0,2.0,0.0,False,False,False,2016-07,2016-07-07 02:51:42,2016,7,2,3,101,17,1,4.823529411764706,0,0,1,1,0,0.0,0,0,0,0,0,0,0,False,False,14,86,False,0.034482758620689655,1.2142857,False,False,False,1.0,heuristic-high,7d8eb28d70397370,test
1,This poll would be better if it had RNG invovled.,How do you feel about Jay Wilson leaving Blizzard.,wow,Cryhavok101,1.0,1.0,0.0,False,False,True,2016-06,2016-06-06 20:41:26,2016,6,20,0,49,10,1,3.9,0,0,0,0,1,0.1,0,0,0,0,0,0,0,False,False,9,50,False,0.0,1.1111112,False,False,False,1.0,heuristic-high,f8beba2519fd5af3,val
0,"The article/title seems to be saying something entirely different than this quote, or maybe I'm just not getting it.","""Yet even after months of ridiculing Sanders and his supporters, Democratic politicians and pundits seem rather startled by the relatively mild resistance they are confronting""",politics,misscee,2.0,2.0,0.0,False,False,False,2016-07,2016-07-30 22:17:04,2016,7,22,5,116,20,1,4.75,0,0,0,0,0,0.0,0,0,0,0,0,0,0,False,False,25,176,False,0.023255813953488372,0.8,False,False,False,1.0,heuristic-high,879529b17a5ab9fe,test
0,This is the most beautiful thing I've read all day.,"Niqab, hijab, burqa, christian cross, kipa or any religious sign. Because in France, school is a religion free zone. We learn science and knowledge, the rest must stay at the door.",AskReddit,adamsmith93,1.0,1.0,0.0,False,False,True,2016-07,2016-07-19 19:32:55,2016,7,19,1,51,10,1,4.1,0,0,0,0,0,0.0,0,0,0,0,0,0,0,False,False,31,180,False,0.05263157894736842,0.32258064,False,False,False,1.0,heuristic-high,e4676af4633fbc8b,test
1,"Drowning rodents, hilarious.",mouse trap,funny,Oxyapap,2.0,2.0,0.0,False,False,False,2016-07,2016-07-30 08:34:16,2016,7,8,5,28,3,1,8.0,0,0,0,0,0,0.0,0,0,0,0,0,0,0,False,False,2,10,False,0.0,1.5,False,False,False,0.755,heuristic-high,0e19ba73dbd6e63d,test
0,"Yeah, right after the Penguins had one of the lowest attendances in the league because Pittsburgh only decides to be fans when they are winning.","Well, closer to when we went to back-to-back Stanley Cup finals, winning one. Yeah, definitely closer to that time frame.",hockey,Matt_Micko,9.0,9.0,0.0,False,False,False,2016-03,2016-03-02 17:00:24,2016,3,17,2,144,25,1,4.72,0,0,0,0,0,0.0,0,0,0,0,0,0,2,True,True,22,121,False,0.14285714285714285,1.1363636,False,False,False,1.0,heuristic-high,3be6574891fa22f4,val
1,"He was emulating a defender, Steph can't hit an open shot",I think that's why he switched hands,warriors,650fosho,5.0,5.0,0.0,False,False,False,2016-03,2016-03-08 18:45:26,2016,3,18,1,57,11,1,4.181818181818182,0,0,0,0,0,0.0,0,0,0,0,0,0,0,False,False,7,36,False,0.058823529411764705,1.5714285,False,False,False,0.9681818181818183,heuristic-high,827dcb6bcf1ebc1c,val
0,good you get it,Lol. We torture kill pigs cows chickens and more for your pleasure to eat them so yeah we're all worthless piece of s*,AskReddit,sweaty_betty7,1.0,1.0,0.0,False,False,True,2016-07,2016-07-08 03:22:35,2016,7,3,4,15,4,1,3.0,0,0,0,0,0,0.0,0,0,0,0,0,0,0,False,False,23,118,False,0.0,0.17391305,False,False,False,1.0,heuristic-high,8fae507bfa30941d,test
0,Any OpenVPN guide will tell you how todo this.,"Can I setup my own VPN? Without paying for anything? I have apps that is hosted on my homelab - things like wordpress, accounting apps. I can set a port forwarding rule to let me access these apps from outside - providing that I know the IP. But, this means that 1 it is not as secure, 2. I have to setup these rules for every machine. Is there a good guide that will show me how?",sysadmin,iRemz,3.0,3.0,0.0,False,False,False,2016-05,2016-05-06 14:41:39,2016,5,14,4,46,9,1,4.111111111111111,0,0,0,0,0,0.0,0,0,0,0,0,0,0,False,False,73,380,False,0.06896551724137931,0.12328767,False,False,False,1.0,heuristic-high,ed0ec8313452f3e1,val
1,The more dlcs the better,Nice video about a smaller but important country in WW1. I hope DICE add smaller countries as DLC's.,battlefield_one,Paulbo83,1.0,1.0,0.0,False,False,True,2016-06,2016-06-24 01:24:52,2016,6,1,4,24,5,1,4.0,0,0,0,0,0,0.0,0,0,0,0,0,0,0,False,False,18,100,False,0.0,0.2777778,False,False,False,1.0,heuristic-high,aae8c45116a79c56,val
1,That's the one that allows gun show loophole right?,Repeal the Hughes Amendment!,guns,chmie12,1.0,1.0,0.0,False,False,True,2016-07,2016-07-21 23:38:11,2016,7,23,3,51,9,1,4.666666666666667,0,1,0,0,0,0.0,0,0,0,0,0,0,1,False,False,4,28,False,0.08333333333333333,2.25,False,False,False,0.9416666666666667,heuristic-high,32525dca21b0be35,test
1,"if that's what it takes I'll just skip fallout, to much work maan","You need to redeinstall, reinstall, uninstall, and then reinstall again",Fallout,KlossN,2.0,2.0,0.0,False,False,False,2016-05,2016-05-31 17:35:00,2016,5,17,1,65,13,1,4.0,0,0,0,0,0,0.0,0,0,0,0,0,0,0,False,False,10,71,False,0.047619047619047616,1.3,False,False,False,1.0,heuristic-high,14b8598294c669d4,val
0,"This is like saying that we'll ""forget"" that Osama or Saddam existed because of the ""burial at sea"" thing.",Some might want to forget Hitler ever existed. Those who don't learn history are bound to repeat it.,worldnews,ShootTrumpIntoTheSun,1.0,1.0,0.0,False,False,True,2016-07,2016-07-13 17:12:51,2016,7,17,2,106,19,1,4.368421052631579,0,0,0,0,0,0.0,0,0,2,0,0,0,0,False,False,18,100,False,0.06060606060606061,1.0555556,False,False,False,1.0,heuristic-high,b0a5b45e7da4716d,test
1,Does the flush refresh with 144 Hz?,Even my toilet is powered by Nvidia.,pcmasterrace,Pawel95,1.0,1.0,0.0,False,False,True,2016-05,2016-05-04 11:45:02,2016,5,11,2,35,6,1,4.166666666666667,0,1,0,0,0,0.0,0,0,0,0,0,0,0,False,False,7,36,False,0.0,0.85714287,False,False,False,1.0,heuristic-high,b9ea6198312dfe27,val
0,Experimental PED-fueled gorilla in heat using his raw power and brutality,Brock Lesnar sending Heath Herring into another Universe,MMA,Grarvindur,9.0,9.0,0.0,False,False,False,2016-07,2016-07-19 16:34:27,2016,7,16,1,73,12,1,5.166666666666667,0,0,0,0,1,0.08333333333333333,0,0,0,0,0,0,0,False,False,8,56,False,0.0,1.5,False,False,False,0.86875,heuristic-high,44f9f2c813e680ce,test
0,What are you collecting?,How do you guys have vault space to collect class items?,DestinyTheGame,Roots_Banton,2.0,2.0,0.0,False,False,False,2016-08,2016-08-02 13:35:59,2016,8,13,1,24,4,1,5.0,0,1,0,0,0,0.0,0,0,0,0,0,0,0,False,False,11,56,False,0.07142857142857142,0.36363637,False,False,False,1.0,heuristic-high,aa9ebfc205e3f512,test
1,I didn't know Jean Jacques Rousseau had a Reddit account...,"The repeal of the sixteenth, the nineteenth and twenty-fourth amendments. No one should be taxed on income, women don't need to vote because they are too emotional. Women voting has created the modern welfare state. We should have a poll tax to prevent poor men from voting because they don't have any skin in the game.",Libertarian,liberationation,4.0,4.0,0.0,False,False,False,2016-08,2016-08-16 22:23:44,2016,8,22,1,59,10,1,4.7,0,0,1,1,0,0.0,0,0,0,0,0,0,0,False,False,57,319,False,0.018518518518518517,0.1754386,False,False,False,1.0,heuristic-high,c819d255302fc648,test
1,Hey but illegal killing illegal should not count,"Let me show you how you continue to embarrass yourself. 1) there is no outrage in any of my comments 2) my response had to do entirely with illegal immigrants and Federal Prosecution. 3) I'll give you State stats if you need it: maricopa county 22% of inmates are illegal, Lake County, IL 20%, Collier Cou to, FL 22%, Weld county, CO 15%, Texas DPS reported from 2008 to 2014 illegals committed over 300,000 unique crimes with 2,899 being homicide. I have lived in SE Texas my entire life, I bet you literally have no idea what has happened to us in the border States. But no worries, it's coming your way close each day thanks to Obama. Enjoy!",politics,felixgnr,2.0,2.0,0.0,False,False,False,2016-05,2016-05-13 15:39:35,2016,5,15,4,48,8,1,5.125,0,0,0,0,0,0.0,0,0,0,0,0,0,0,False,False,108,644,False,0.022222222222222223,0.074074075,False,False,False,0.86875,heuristic-high,fdfefcac2eb95f02,val
1,I thought we were playing the ivy league school guys I swear!,Colombia. Not Columbia.,Birmingham,Wallacewade04,1.0,1.0,0.0,False,False,True,2016-06,2016-06-03 22:09:12,2016,6,22,4,61,12,1,4.083333333333333,1,0,0,0,0,0.0,0,0,0,0,0,0,0,False,False,3,23,False,0.0,4.0,False,False,False,1.0,heuristic-high,271023e827729338,val
1,I've never even heard of Mono U Merfolk.,7 point highlander is U merfolk an archetype here? or do we have to splash in order to get enough good cards for a singleton format?,FishMTG,DenoDongo,0.0,0.0,0.0,False,False,True,2016-06,2016-06-05 13:00:13,2016,6,13,6,40,8,1,4.0,0,0,0,0,0,0.0,0,0,0,0,0,0,0,False,False,25,132,False,0.06666666666666667,0.32,False,False,False,0.978125,heuristic-high,b8d5e3e22f585a84,val
0,Just fucking do it!,"I have zero social skills with girls For a long time, I've liked a specific girl, and have been trying to go out with her. The problem is, I lack any ability to read social cues. I have no idea if she likes me or what. We've been snapchatting for a while, but I can never tell if she's trying to hint or anything. Because of this, I am way too scared to ask her out, despite knowing that it would be best. I keep reflecting on a poem about how this ends (The Love Song of J. Alfred Prufrock, I recommend reading it), and I'm sad at how much I see myself in the main character, but for whatever reason I can't get over the fear. This is just making my life more and more stressful and I really haven't been happy in a while given how long I have been alone.",rant,koullaras,-2.0,-2.0,0.0,False,False,False,2016-06,2016-06-17 06:46:38,2016,6,6,4,19,4,1,3.75,1,0,0,0,0,0.0,0,0,0,0,0,0,0,False,False,153,756,False,0.01904761904761905,0.026143791,False,False,False,1.0,heuristic-high,a1115d38f50c5908,val
1,It's hard when you always have a res active to get 3.,"Unfortunately, it went to a Mercy who ressed 3 folks. =( This was just the replay that saved in the highlights.",Overwatch,StainWaggin,1.0,1.0,0.0,False,False,True,2016-07,2016-07-11 17:05:02,2016,7,17,0,53,11,1,3.6363636363636362,0,0,0,0,0,0.0,0,0,0,0,0,0,0,False,False,19,111,False,0.07407407407407407,0.57894737,False,False,False,1.0,heuristic-high,14dedd94df611e0b,test
1,"Uh, no, she's a Democrat","Flint mayor diverted water-crisis money to political PAC, suit says",politics,TheRealDNewm,1.0,1.0,0.0,False,False,True,2016-05,2016-05-10 13:26:25,2016,5,13,1,24,5,1,3.6,0,0,0,0,0,0.0,0,0,0,0,0,0,0,False,False,11,67,False,0.0,0.45454547,False,False,False,1.0,heuristic-high,80330f835807370b,val
0,That sounds like a lot is it really noticeable?,"hard to tell from the photo, it is maybe 8mm recessed. you have a good chin though. caveat: you can't fix the jaw recession with a camouflage genioplasty.",amiugly,throwawahjjjjj,1.0,1.0,0.0,False,False,True,2016-06,2016-06-06 21:51:03,2016,6,21,0,47,9,1,4.222222222222222,0,1,0,0,0,0.0,0,0,0,0,0,0,0,False,False,28,154,False,0.0967741935483871,0.32142857,False,False,False,1.0,heuristic-high,aac26b769468f7d6,val
1,of course thats exactly what I'm saying!,Are you saying Trump will force the US to leave the EU?,worldnews,DaftRoule,10.0,10.0,0.0,False,False,False,2016-06,2016-06-24 20:59:34,2016,6,20,4,40,7,1,4.714285714285714,1,0,0,0,0,0.0,0,0,0,0,0,0,0,False,False,12,55,False,0.058823529411764705,0.5833333,False,False,False,0.8999999999999999,heuristic-high,d6f0fd2b638e302f,val
1,I'm sure the Remainers arguing that the last referendum should require a supermajority for any change to the status quo will now argue the same thing for a Scottish referendum,Poll puts support for Scottish independence at 59%,worldnews,Kaworu_Rebooted,7.0,7.0,0.0,False,False,False,2016-06,2016-06-26 19:11:47,2016,6,19,6,175,30,1,4.866666666666666,0,0,0,0,0,0.0,0,0,0,0,0,0,1,False,False,7,50,False,0.06896551724137931,4.285714,False,False,False,1.0,heuristic-high,14c08ccba9eec12d,val
1,40% CDR 140 Magical Protection 140 Physical Protection 200 Health Passive - You deal no damage to enemy gods,"I think that sounds fine, a give and take to balance out support needs and cross out solo lane needs. Now the only thing is, will the negative drawbacks be enough to warrant solo laners to ignore it if it offers lots of tanks benefits?",Smite,DrMegaWhits,6.0,6.0,0.0,False,False,False,2016-03,2016-03-01 17:08:52,2016,3,17,1,108,14,1,5.5,0,0,0,0,1,0.07142857142857142,0,0,0,0,0,0,0,False,False,45,235,False,0.02040816326530612,0.31111112,False,False,False,0.8375,heuristic-high,219092acf0d9faaf,val
1,You fat lazy azz,"You kept that up longer than I would, guess I'm lazyer than you.",wow,imverykind,37.0,37.0,0.0,False,False,False,2016-05,2016-05-07 12:47:28,2016,5,12,5,16,4,1,3.25,0,0,0,0,0,0.0,0,0,0,0,0,0,0,False,False,13,64,False,0.07142857142857142,0.30769232,False,False,False,0.97375,heuristic-high,6bfa6b07584238b4,val
0,then the New 3ds,Both of us got pretty small hands,pokemongo,LuLuCheng,1.0,1.0,0.0,False,False,True,2016-07,2016-07-03 13:55:42,2016,7,13,6,16,4,1,3.0,0,0,0,0,0,0.0,0,0,0,0,0,0,0,False,False,7,33,False,0.0,0.5714286,False,False,False,1.0,heuristic-high,d787b7221ebeba46,test
1,It's not like the bible has any parts in it about helping people even if you don't agree with them.,Tow Truck Driver Says He Thinks God Told Him Not To Help Disabled Sanders Supporter,nottheonion,Strawberry-Whorecake,10.0,10.0,0.0,False,False,False,2016-05,2016-05-06 00:35:12,2016,5,0,4,99,20,1,3.95,0,0,0,0,0,0.0,0,0,0,0,0,0,0,False,False,15,83,False,0.029411764705882353,1.3333334,False,False,False,1.0,heuristic-high,39439da73b378658,val
0,Don't turn the sub into Steam.,"Hey Scott, Has Anyone Solved FNaF Yet?",fivenightsatfreddys,G00dGuy2K06,1.0,1.0,0.0,False,False,True,2016-06,2016-06-01 16:00:55,2016,6,16,2,30,6,1,4.0,0,0,0,0,0,0.0,0,0,0,0,0,0,0,False,False,7,38,False,0.0,0.85714287,False,False,False,0.9416666666666667,heuristic-high,9e1454823ac79dd2,val
1,"I like how they portray bastion out to knowing ""nothing"" just like the people who play him.",New Overwatch short 'The Last Bastion',Overwatch,iBleeedorange,2.0,2.0,0.0,False,False,False,2016-08,2016-08-18 16:38:36,2016,8,16,3,91,17,1,4.235294117647059,0,0,0,0,0,0.0,0,0,1,0,0,0,0,False,False,6,38,False,0.0,2.8333333,False,False,False,1.0,heuristic-high,d27cc4dd68fd01a3,test
1,Suck off OP,All the straight guys I've sucked off turned gay. Not saying I have magic powers but... I am pretty magical.,askgaybros,Chauncii,3.0,3.0,0.0,False,False,False,2016-06,2016-06-10 19:05:57,2016,6,19,4,11,3,1,3.0,0,0,0,0,1,0.3333333333333333,0,0,0,0,0,0,0,False,False,20,108,False,0.047619047619047616,0.15,False,False,False,0.755,heuristic-high,98d9292e8cac1a51,val
0,"There was court case about it before, it would be enough to justify a search warrant and they they will find all the downloaded torrents on your hard drives.",They can't prove it was me. I have an open wifi network with no password. I could say it might have been my neighbours.,canada,infinis,2.0,2.0,0.0,False,False,False,2016-03,2016-03-11 20:52:34,2016,3,20,4,157,29,1,4.379310344827586,0,0,0,0,0,0.0,0,0,0,0,0,0,0,False,False,24,119,False,0.06666666666666667,1.2083334,False,False,False,1.0,heuristic-high,c4ee806f8fc89b7b,val
0,You can find some cute electrophiles and do a backside attack though O_O,Organic Chemistry is too depressing. I'm constantly surrounded by bulky obstacles and electronegativity.,chemistry,GP4LEU,191.0,191.0,0.0,False,False,False,2016-04,2016-04-27 16:23:40,2016,4,16,2,72,14,1,4.214285714285714,0,0,0,0,0,0.0,0,0,0,0,0,0,0,False,False,13,104,False,0.04,1.0769231,False,False,False,1.0,heuristic-high,bf6340d8c1fc4d47,val
0,Cause the cat is bizarre and miaoo,"How is this ""funny""?",shitpost,jojimboy,7.0,7.0,0.0,False,False,False,2016-04,2016-04-03 13:09:03,2016,4,13,6,34,7,1,4.0,0,0,0,0,0,0.0,0,0,0,0,0,0,0,False,False,4,20,False,0.1,1.75,False,False,False,1.0,heuristic-high,11b938c9a0e246ca,val
1,Undertaker doesn't work Tuesdays,Undertaker only appears on Raw,SquaredCircle,CrystalFissure,2.0,2.0,0.0,False,False,False,2016-03,2016-03-22 08:56:20,2016,3,8,1,32,4,1,7.25,0,0,0,0,0,0.0,0,0,0,0,0,0,0,False,False,5,30,False,0.125,0.8,False,False,False,0.97375,heuristic-high,285512e11561899a,val
1,"Hey, at least programs like Strictly come dancing seem to always be on","Yeah, it would be really nice if the show could stick to a schedule. That's really the primary thing about British television that bothers me, is the ridiculous gaps.",doctorwho,MChimes,1.0,1.0,0.0,False,False,True,2016-01,2016-01-23 10:46:59,2016,1,10,5,70,13,1,4.384615384615385,0,0,0,0,0,0.0,0,0,0,0,0,0,0,False,False,29,166,False,0.05405405405405406,0.44827586,False,False,False,1.0,heuristic-high,2535434b61500eef,val
1,"But didn't you know, Josephus and Tacitus were just Christian forgeries!","So business as usual for that subreddit I see. As usual ignoring Josephus, Tacitus, etc etc, as evidence for a historical Jesus that lived and taught. The closest in that thread I saw them get close to saying 'maybe' was he was a composite figure, but that leads into a quasi Zeitgeist statement. Then of course linking of obviously biased websites as evidence not objective ones.",bad_religion,Dakarius,21.0,21.0,0.0,False,False,False,2016-02,2016-02-08 15:54:06,2016,2,15,0,72,11,1,5.454545454545454,1,0,0,0,0,0.0,0,0,0,0,0,0,0,False,False,66,380,False,0.06896551724137931,0.16666667,False,False,False,1.0,heuristic-high,0413eb31adf1bbfc,val
0,And my point was picture quality wasn't that crappy in 1993.,The point is the crappy quality of the picture.,VictoriaBC,copperlight,1.0,1.0,0.0,False,False,True,2016-04,2016-04-27 20:12:47,2016,4,20,2,60,10,1,4.5,0,0,0,0,0,0.0,0,0,0,0,0,0,0,False,False,9,47,False,0.3076923076923077,1.1111112,False,False,False,1.0,heuristic-high,56d3c9dd2554d0cd,val
0,"Nah mate, they are only left-wing if he likes what they publish.",Most of CH content was editorial. It's old-fashioned left-wing magazine. Caracture is only a small part of their content. OP doesn't know shit about CH.,worldnews,pwnM4chine,2.0,2.0,0.0,False,False,False,2016-04,2016-04-04 05:32:03,2016,4,5,0,64,13,1,3.8461538461538463,0,0,0,0,0,0.0,0,0,0,0,0,0,0,False,False,27,152,False,0.09090909090909091,0.4814815,False,False,False,1.0,heuristic-high,6ebbfcf35f279404,val
1,"Centuries of deeply rooted anti-Semitism is cleansed from their souls the moment they step foot on that sweet, free American soil",Those are not Muslim-Americans.,politics,ObamaBigBlackCaucus,4.0,4.0,0.0,False,False,False,2016-03,2016-03-15 14:30:53,2016,3,14,1,129,22,1,4.863636363636363,0,0,0,0,0,0.0,0,0,0,0,0,0,0,False,False,5,31,False,0.0,4.4,False,False,False,0.9681818181818183,heuristic-high,e686900cb9683a3d,val
0,That dude looks 24,headline should be '18 year old refugee wins a running event for 12 year olds',pics,myrptaway,5.0,5.0,0.0,False,False,False,2016-04,2016-04-03 00:51:37,2016,4,0,6,18,3,1,4.333333333333333,0,0,0,0,0,0.0,0,0,0,0,0,0,0,False,False,14,78,False,0.0,0.21428572,False,False,False,1.0,heuristic-high,958fd5c9104d0e3f,val
0,You need (potty) training!,Kylo Ren meets tiny Rey,StarWars,dereksmalls1985,90.0,90.0,0.0,False,False,False,2016-03,2016-03-31 13:06:56,2016,3,13,3,26,4,1,5.0,1,0,0,0,0,0.0,0,0,0,0,0,0,0,False,False,5,23,False,0.0,0.8,False,False,False,0.97375,heuristic-high,04c335c5b02aa184,val
1,How much caffeine your laptop consumes now?,"My mother was convinced I had ruined my win8 laptop by installing windows 7 And also for installing an SSD, because the computer couldn't sleep anymore",pcmasterrace,Gatemaster2000,1.0,1.0,0.0,False,False,True,2016-04,2016-04-10 21:30:20,2016,4,21,6,43,7,1,5.142857142857143,0,1,0,0,0,0.0,0,0,0,0,0,0,0,False,False,25,151,False,0.034482758620689655,0.28,False,False,False,1.0,heuristic-high,a91fdcdfebc39008,val
0,"Yips mostly, somewhere between a small dog and a yowling cat.",What does the Fox say??,AskReddit,Lupusam,2.0,2.0,0.0,False,False,False,2016-01,2016-01-22 19:06:02,2016,1,19,4,61,11,1,4.454545454545454,0,0,0,0,0,0.0,0,0,0,0,0,0,0,False,False,5,23,False,0.0,2.2,False,False,False,0.8886363636363637,heuristic-high,41484604d0cc1fd4,val
0,"I think if it is true it will be upgraded hardware to make VR games handle better, I don't think it will affect non VR titles as it could split the player base of people are playing games in better hardware compared to people that are playing the outdated one.",We know PlayStation 4.5 is real - but why is Sony making it?,PS4,Nicologixs,-2.0,-2.0,0.0,False,False,False,2016-03,2016-03-24 10:36:52,2016,3,10,3,260,50,1,4.18,0,0,0,0,2,0.04,0,0,0,0,0,0,0,False,False,11,60,False,0.046511627906976744,4.5454545,False,False,False,1.0,heuristic-high,b9f5788d5b0525eb,val
0,That's reality?,"Yup, this is pretty much that shitty sub in a nutshell.",AdviceAnimals,secret_asian_men,12.0,12.0,0.0,False,False,False,2015-11,2015-11-16 23:22:42,2015,11,23,0,15,2,1,6.5,0,1,0,0,0,0.0,0,0,0,0,0,0,0,False,False,11,55,False,0.0,0.18181819,False,False,False,0.755,heuristic-high,8740459330c93f9a,train
0,"Yeah, which as I said doesn't excuse him (or any of them).","Indeed, I'm just pointing out that this and many criticisms of Trump apply just as well if not more to his rivals.",politics,-Mountain-King-,-1.0,-1.0,0.0,True,False,True,2016-04,2016-04-28 19:48:47,2016,4,19,3,58,12,1,3.5833333333333335,0,0,0,0,0,0.0,0,0,0,0,0,0,1,True,True,22,114,False,0.06451612903225806,0.54545456,False,False,False,1.0,heuristic-high,d651c5c5cc40cbb9,val
0,pretty sure that is the best gear.,Rey Mysterio in his worst gear with a Springboard Moonsault DDT,flippyshit,getextinct,4.0,4.0,0.0,False,False,False,2016-04,2016-04-29 04:39:41,2016,4,4,4,34,7,1,3.857142857142857,0,0,0,0,0,0.0,0,0,0,0,0,0,1,False,False,11,63,False,0.058823529411764705,0.6363636,False,False,False,1.0,heuristic-high,46754f18378a62d4,val
0,did you hear he was arrested on a bus with Jim Norton?,"Im surprised that im such a calm person these days, considering how much lewis black i listened to as an adolescent",mildlyinteresting,thedoze,1.0,1.0,0.0,False,False,True,2016-01,2016-01-21 04:17:32,2016,1,4,3,54,12,1,3.5,0,1,0,0,0,0.0,0,0,0,0,0,0,0,False,False,21,115,False,0.03225806451612903,0.5714286,False,False,False,1.0,heuristic-high,3825b5feea1321b8,val
1,My favorite part is when it loops as soon as they are finished.,Beautiful Calligraphy,gifs,THORRRRR,135.0,135.0,0.0,False,False,False,2016-04,2016-04-10 14:16:29,2016,4,14,6,63,13,1,3.8461538461538463,0,0,0,0,0,0.0,0,0,0,0,0,0,0,False,False,2,21,False,0.0,6.5,False,False,False,1.0,heuristic-high,fd2a967731e41c12,val
0,"How about this: I play the game daily for a few hours, if I didn't have different guns and perk combos to try out, I'd go crazy.",I get by just fine with my gear. No way you realistically need all of that to be prepared.,DestinyTheGame,13th_Plague,0.0,0.0,0.0,False,False,True,2016-02,2016-02-24 21:47:55,2016,2,21,2,128,27,1,3.6296296296296298,0,0,0,0,0,0.0,0,0,0,0,0,0,0,False,False,19,90,False,0.046511627906976744,1.4210526,False,False,False,1.0,heuristic-high,133abf7b8c980909,val
0,Collateral with occasional flashbacks to Jerry MaGuire.,What combination of two movies would be the funniest?,movies,Casey_is_drunk,4.0,4.0,0.0,False,False,False,2016-03,2016-03-30 21:23:48,2016,3,21,2,55,7,1,6.857142857142857,0,0,0,0,0,0.0,0,0,0,0,0,0,0,False,False,9,53,False,0.0,0.7777778,False,False,False,0.8999999999999999,heuristic-high,f61762f19661bcbf,val
0,Congratulations on being the first comment I've seen on reddit where you are upvoted for loving the prequels.,I would fucking play 24/7 if this was added... I love the prequels and clone wars so this is a perfect summary of what should be added.,StarWarsBattlefront,Son_of_York,11.0,11.0,0.0,False,False,False,2016-01,2016-01-11 23:46:09,2016,1,23,0,109,18,1,5.055555555555555,0,0,0,0,0,0.0,0,0,0,0,0,0,0,False,False,26,135,False,0.05405405405405406,0.6923077,False,False,False,1.0,heuristic-high,378536ebd3536802,val
1,Yeah how dare he hold himself to a higher standard than the currupt Mos isley villainy he has to compete with.,And i like his ideas on campaign finance reform. I just have a feeling that sticking to those principles when his opponents won't be will sink him.,politics,burtmacklin00seven,0.0,0.0,0.0,False,False,True,2016-04,2016-04-14 14:25:59,2016,4,14,3,110,21,1,4.238095238095238,0,0,0,0,0,0.0,0,0,0,0,0,0,1,True,True,27,147,False,0.047619047619047616,0.7777778,False,False,False,1.0,heuristic-high,b29a1d5ac52ee8b0,val
0,Why aren't you flying towards GWD,I took a shit and posted it,2007scape,MLG_Arcane,2.0,2.0,0.0,False,False,False,2016-02,2016-02-18 18:58:16,2016,2,18,3,33,6,1,4.666666666666667,0,0,0,0,1,0.16666666666666666,0,0,0,0,0,0,0,False,False,7,27,False,0.0,0.85714287,False,False,False,0.7958333333333334,heuristic-high,86f421c41ceecbd8,val
1,You are really good at convincing people.,Go look it up and report back. Talk to you soon. Fucking waste of time,Libertarian,geoffgreggaryus,1.0,1.0,0.0,False,False,True,2016-02,2016-02-06 19:34:15,2016,2,19,5,41,7,1,4.857142857142857,0,0,0,0,0,0.0,0,0,0,0,0,0,0,False,False,15,70,False,0.047619047619047616,0.46666667,False,False,False,1.0,heuristic-high,ee4fea467bf5576b,val
1,just because two buddies text doesn't mean they can't be in the same conference,No. LeBron has Durants number.,nba,flintmichigantropics,3.0,3.0,0.0,False,False,False,2016-03,2016-03-10 04:12:18,2016,3,4,3,79,14,1,4.714285714285714,0,0,0,0,0,0.0,0,0,0,0,0,0,0,False,False,5,30,False,0.0,2.8,False,False,False,1.0,heuristic-high,9c2e585cd6e4a4dd,val
1,So when is WWE taking down the footage of AJ's new entrance?,AJ's ready for Wrestlemania,SquaredCircle,Tacothekid,1.0,1.0,0.0,False,False,True,2016-04,2016-04-03 14:04:13,2016,4,14,6,60,12,1,4.0,0,1,0,0,2,0.16666666666666666,0,0,0,0,0,0,0,False,False,4,27,False,0.06666666666666667,3.0,False,False,False,1.0,heuristic-high,b917a0ccf3357eca,val
1,Im pretty sure that sticking 4 Happy signatures on your deagle increases your luck and accuracy,"How to get good with deagle? i want to get good with this gun. I know how to stutter step and whatnot but I'm struggling to find a solid guide on this gun. When I stutterstep, it still feels really inaccurate and I miss a lot of shots. I get conflicting information on whether crouching influences accuracy (does it influence accuracy for other guns too? versus standing still) ' I did google it. I just can't find anything solid. Any tips/answers to my questions/info on how you improved?",GlobalOffensive,GTAinreallife,2.0,2.0,0.0,False,False,False,2015-11,2015-11-06 07:34:54,2015,11,7,4,95,15,1,5.266666666666667,0,0,0,0,0,0.0,0,0,0,0,0,0,1,False,False,90,489,False,0.05555555555555555,0.16666667,False,False,False,0.9416666666666667,heuristic-high,00f8bd68989b92d8,train
1,how could you ... only beijing has smog,"London, 2015",Cyberpunk,Romek_himself,1.0,1.0,0.0,False,False,True,2016-02,2016-02-21 10:48:47,2016,2,10,6,39,7,1,4.142857142857143,0,0,1,1,0,0.0,0,0,0,0,0,0,0,False,False,1,12,False,0.0,7.0,False,False,False,1.0,heuristic-high,6011f92852c0ad07,val
0,Lol buff the frame rate.,bufftheweevil they said... (15 kill spree),blackops3,Qromium,2.0,2.0,0.0,False,False,False,2016-02,2016-02-06 19:04:24,2016,2,19,5,24,5,1,3.8,0,0,0,0,0,0.0,0,0,0,0,0,0,1,True,True,5,44,False,0.0,1.0,False,False,False,0.9299999999999999,heuristic-high,038cc659f4bd5232,val
0,"Same, now i actually want to type papers for school.",I just got mine. Loving it.,pcmasterrace,OmegaTigBitties,2.0,2.0,0.0,False,False,False,2016-01,2016-01-01 21:51:44,2016,1,21,4,52,10,1,4.1,0,0,0,0,0,0.0,0,0,0,0,0,0,0,False,False,6,27,False,0.06666666666666667,1.6666666,False,False,False,1.0,heuristic-high,356cf5107ed35f72,val
1,After all that she's done for you you don't even have the fucking decency to give her your dog?,"Nope. Believe me, I have been playing this game for over 20 years. I know her. She doesn't want to see me. She genuinely wants the dog back.",AskReddit,DrInsano,17.0,17.0,0.0,False,False,False,2016-03,2016-03-14 14:52:42,2016,3,14,0,95,19,1,4.0,0,1,0,0,0,0.0,0,0,0,0,0,0,0,False,False,27,140,False,0.16666666666666666,0.7037037,False,False,False,1.0,heuristic-high,3141557b8e08f658,val
0,"Hahahaha, someone photoshopped eyes on trashbags again?",Stale Monoculture,Conservative,UmbrellaResearchCorp,-1.0,-1.0,0.0,True,False,True,2016-02,2016-02-02 19:55:27,2016,2,19,1,55,7,1,6.714285714285714,0,1,0,0,0,0.0,0,0,0,0,0,0,0,False,False,2,17,False,0.0,3.5,False,False,False,0.775,heuristic-high,78ac391de58fdd00,val
0,I imagine once their are more companies making HMD's that SteamVR will be the top marketplace and if not then they'll be top 2.,"Valve will make money on software anyway if VR takes off since the Rift works on SteamVR as well. They don't need to desperately get a market share as big as possible for the Vive. HTC does need this market share. And that will be HARD since they need to make nice profits while their direct competitor is selling at cost. VR isn't going to bring them big profits on short term. If their phones aren't going to bring them huge profits again soon, them HTC may not be around much longer.",oculus,mckenny37,2.0,2.0,0.0,False,False,False,2016-02,2016-02-11 13:44:02,2016,2,13,3,127,23,1,4.434782608695652,0,0,0,0,1,0.043478260869565216,0,0,0,0,0,0,0,False,False,92,486,False,0.11842105263157894,0.25,False,False,False,1.0,heuristic-high,e8d3111df2125e60,val
1,In her defense she didn't know she was on camera.,"Don't forget the the rest of the quote: ""Okay, back the the issues... the issues that I think are important."" I mean, she didn't even try. I understand it's hard to address a protest like this, but that doesn't help.",politics,americanrabbit,1.0,1.0,0.0,False,False,True,2016-02,2016-02-26 01:37:39,2016,2,1,4,49,10,1,3.9,0,0,0,0,0,0.0,0,0,0,0,0,0,0,False,False,40,216,False,0.05263157894736842,0.25,False,False,False,1.0,heuristic-high,e34c2013fcd12491,val
1,"I mean he's practically a god, you can't get much more privileged than that.",The Dalai Lama is obviously a racist speaking from a position of privilege.,news,needconfirmation,16.0,16.0,0.0,False,False,False,2015-09,2015-09-15 00:32:40,2015,9,0,1,76,14,1,4.357142857142857,0,0,0,0,0,0.0,0,0,0,0,0,0,0,False,False,13,75,False,0.04,1.0769231,False,False,False,1.0,heuristic-high,54903232b8716176,train
0,"Ichorim stuff is from Thaumic Tinkerer, and predates the Runic Shielding enchantment (IIRC).",A common goof people make with runic infusion is not start at the first level with only one diamond and salis mundus. If you didn't make that mistake then put some other robe or armor that is known to work in and see if the infusion will start. It might be that ichor is a different mod.,feedthebeast,DasNocti,3.0,3.0,0.0,False,False,False,2015-07,2015-07-12 10:13:12,2015,7,10,6,92,13,1,5.846153846153846,0,0,0,0,1,0.07692307692307693,0,0,0,0,0,0,0,False,False,57,287,False,0.07407407407407407,0.22807017,False,False,False,0.9192307692307693,heuristic-high,840bb29a1e6a1499,train
0,Is god as much of a dick as he sounds?,Lucifer hosts an AMA from Hell. What do you ask him?,AskReddit,flutterguy123,15.0,15.0,0.0,False,False,False,2015-12,2015-12-07 16:59:42,2015,12,16,0,38,10,1,2.8,0,1,0,0,0,0.0,0,0,0,0,0,0,0,False,False,11,52,False,0.0,0.90909094,False,False,False,1.0,heuristic-high,2e155810167ec821,train
1,I've never heard that on reddit.,"Less about publicity, more of a ""try to bait people into illegally blocking our protests, so we can sue them for everything they've got.",todayilearned,t3hlazy1,1.0,1.0,0.0,False,False,True,2015-12,2015-12-06 02:40:12,2015,12,2,6,32,6,1,4.333333333333333,0,0,0,0,0,0.0,0,0,0,0,0,0,0,False,False,24,136,False,0.0,0.25,False,False,False,1.0,heuristic-high,647889e1ceea3155,train
0,"""Nuzink to zee here, ceetizens, just incorrect pepers.""",Chinese national living in Nauru deported without charge,australia,HarlequinWasTaken,1.0,1.0,0.0,False,False,True,2015-09,2015-09-11 07:45:27,2015,9,7,4,55,8,1,5.375,0,0,0,0,0,0.0,0,0,0,0,0,0,0,False,False,8,56,False,0.0,1.0,False,False,False,0.978125,heuristic-high,104c32bdbf95d616,train
1,"That was a different girl, I just have amazing taste.","Dude, this, and telling from what your last post was, your GF saying she couldn't give a shit that you were upset, you're pretty much in an abusive relationship.",offmychest,Pointyhawk,2.0,2.0,0.0,False,False,False,2015-07,2015-07-06 02:49:27,2015,7,2,0,53,10,1,4.2,0,0,0,0,0,0.0,0,0,0,0,0,0,1,False,False,29,161,False,0.08571428571428572,0.3448276,False,False,False,1.0,heuristic-high,6b6e1c2b33c83f1d,train
1,The engineers have spoken.,"I think that in order to fix the current patent problem, we need to stop patenting ideas and only allow someone to patent implementations. For instance, you can't patent a curved glass display, but you can patent a process for making it. You can't patent the idea of using a touchscreen to enter data, but you can patent a specific implementation of it such as swipe keyboard. This would solve so many problems.",technology,EnDans,1.0,1.0,0.0,False,False,True,2015-08,2015-08-24 20:11:34,2015,8,20,0,26,4,1,5.5,0,0,0,0,0,0.0,0,0,0,0,0,0,0,False,False,73,411,False,0.01818181818181818,0.05479452,False,False,False,1.0,heuristic-high,eabecb4dfa22a0fb,train
0,Bring On The Sahko!,Liverpool vs West Ham,LiverpoolFC,TheWobbleEffect,3.0,3.0,0.0,False,False,False,2015-08,2015-08-29 14:30:43,2015,8,14,5,19,4,1,3.75,1,0,0,0,0,0.0,0,0,0,0,0,0,0,False,False,4,21,False,0.0,1.0,False,False,False,1.0,heuristic-high,a99f7fdbd49ee385,train
1,We should trade Donaldson and gets this Hague guy up.,Could we have two 3B's win MVP's in the same year!?,Torontobluejays,Vordermark,6.0,6.0,0.0,False,False,False,2015-09,2015-09-01 17:56:19,2015,9,17,1,53,10,1,4.3,0,0,0,0,0,0.0,0,0,0,0,0,0,0,False,False,11,51,False,0.05,0.90909094,False,False,False,1.0,heuristic-high,da9ea32b7a016ffd,train
1,"Nah, that syntax was so 2013","It's possible that he either checked the date on the file the code is in, or maybe the date was specifically commented in the code.",itsaunixsystem,_JustSmartEnough_,1.0,1.0,0.0,False,False,True,2015-10,2015-10-30 00:59:13,2015,10,0,4,28,5,1,3.6,0,0,0,0,0,0.0,0,0,0,0,0,0,0,False,False,25,131,False,0.09523809523809523,0.2,False,False,False,1.0,heuristic-high,8ee38f385170afa1,train
0,Why rekt?,"Working on it for weeks then Valve release new skins, rekt",GlobalOffensive,garrylie,3.0,3.0,0.0,False,False,False,2015-09,2015-09-18 10:57:03,2015,9,10,4,9,2,1,3.5,0,1,0,0,0,0.0,0,0,0,0,0,0,0,False,False,11,58,False,0.08333333333333333,0.18181819,False,False,False,0.755,heuristic-high,4e2e0a943bc9c40c,train
0,I liked how both of the trucks tried to get out of each other's way but ended up going in the same direction.,Lara Stone NSFW | Truck loses control,FiftyFifty,FP_Red,1.0,1.0,0.0,False,False,True,2015-12,2015-12-07 22:57:55,2015,12,22,0,109,23,1,3.739130434782609,0,0,0,0,0,0.0,0,0,0,0,0,0,0,False,False,6,37,False,0.0,3.8333333,False,False,False,1.0,heuristic-high,4e31c307b9e99498,train
1,And before every round you can buy body armor and grenades!,"What if every hitscan weapon could headshot, as in Counter-Strike?",tf2,gods_prototype,3.0,3.0,0.0,False,False,False,2015-12,2015-12-05 15:27:46,2015,12,15,5,59,11,1,4.363636363636363,1,0,0,0,0,0.0,0,0,0,0,0,0,0,False,False,11,66,False,0.05,1.0,False,False,False,0.9681818181818183,heuristic-high,dd49493527dc94a6,train
1,"That kid has a bright future in the NFL, all he needs is an agent to ""smooth over"" him beating women and raping co-eds",I had a football helmet thrown at me by a player while coaching 9 year-old football this year. The parents apologized then defended him by saying he has ADHD. The kid needed anger management not amphetamine salts.,funny,GoHoMoThrow,1.0,1.0,0.0,False,False,True,2015-12,2015-12-04 15:29:58,2015,12,15,4,118,25,1,3.64,0,0,0,0,1,0.04,0,0,1,0,0,0,0,False,False,37,213,False,0.11764705882352941,0.6756757,False,False,False,1.0,heuristic-high,06d9e22bcd2d535c,train
1,But mute-all totally belongs in this game because pings are enough.,"Here's to Gazlowe in QM Who informed the team before the game started that he would be skipping the first mines because he could push harder than the first golem. I don't care if it was the right strategy or the wrong strategy (it worked out great), I just appreciated the communication with the team. It's amazing how much more fun this game is when it feels like you're working as a team with a plan rather than a bunch of heroes for hire.",heroesofthestorm,cicatrix1,1.0,1.0,0.0,False,False,True,2015-07,2015-07-23 20:54:25,2015,7,20,3,67,12,1,4.583333333333333,0,0,0,0,0,0.0,0,0,0,0,0,0,1,False,False,84,441,False,0.05555555555555555,0.14285715,False,False,False,1.0,heuristic-high,f44ba5e8769229c9,train
0,EMSK: How to read,"So, read the instructions?",everymanshouldknow,scamp41,6.0,6.0,0.0,False,False,False,2015-12,2015-12-12 05:54:46,2015,12,5,5,17,4,1,3.25,0,0,0,0,1,0.25,0,0,0,0,0,0,0,False,False,4,26,False,0.14285714285714285,1.0,False,False,False,1.0,heuristic-high,28eb75f3f1419034,train
0,"You worded it like one of those people that defends hitting their kids by saying ""you don't know what it's like till you have them!""",Well I must've worded it wrong because I'm saying the opposite.,relationships,raptorrage,2.0,2.0,0.0,False,False,False,2015-05,2015-05-19 15:53:48,2015,5,15,1,132,25,1,4.2,1,0,0,0,0,0.0,0,0,1,0,0,0,0,False,False,11,63,False,0.1,2.2727273,False,False,False,1.0,heuristic-high,c75c60c6bcdc34d6,train
1,"Yea undying needs buffs,such weak hero.",Would increasing dirge's decay damage against creeps only to x3-x4 to increase farm efficiency/base defense break him? Just curious if this idea is viable. The hero feels great in the laning stage but after that I cannot assist in base defense or jungle in any capacity besides giving creeps a gentle slap,DotA2,Feed_or_Feed,6.0,6.0,0.0,False,False,False,2015-07,2015-07-21 11:32:54,2015,7,11,1,39,7,1,4.571428571428571,0,0,0,0,0,0.0,0,0,0,0,0,0,1,True,True,54,305,False,0.019230769230769232,0.12962963,False,False,False,0.65,langdetect,cabb162c57c5384e,train
1,But what about TT?,Cavs officially sign Russian Center Sasha Kaun!,clevelandcavs,bitza,-4.0,-4.0,0.0,False,False,False,2015-09,2015-09-09 15:02:47,2015,9,15,2,18,4,1,3.5,0,1,0,0,1,0.25,0,0,0,0,0,0,0,False,False,7,47,False,0.0,0.5714286,False,False,False,1.0,heuristic-high,67d10fbb65594bcf,train
0,Meanwhile in Diamond+ everyone thinks it sucks.,Let's be honest: Sated Devourer is broken and unbalanced.,leagueoflegends,Reitane,1.0,1.0,0.0,False,False,True,2015-07,2015-07-18 20:49:50,2015,7,20,5,47,7,1,5.571428571428571,0,0,0,0,0,0.0,0,0,0,0,0,0,0,False,False,9,57,False,0.0,0.7777778,False,False,False,0.8999999999999999,heuristic-high,4fc58455c856190f,train
0,So it's pretty much a suicide trigger,Gloves that you can't take off,dangerousdesign,prrg,1.0,1.0,0.0,False,False,True,2015-09,2015-09-14 16:59:27,2015,9,16,0,37,7,1,4.428571428571429,0,0,0,0,0,0.0,0,0,0,0,0,0,0,False,False,6,30,False,0.0,1.1666666,False,False,False,0.8999999999999999,heuristic-high,5bcabc091472d0f2,train
0,Most of the Bay Area reporters are HUGE homers.,"Hearing reporters be chummy and buddy buddy, laughing along with Draymond is kind of cringey.",nba,Eddy209Part2,7.0,7.0,0.0,False,False,False,2015-10,2015-10-13 20:31:36,2015,10,20,1,47,9,1,4.222222222222222,0,0,0,0,1,0.1111111111111111,0,0,0,0,0,0,0,False,False,15,93,False,0.09523809523809523,0.6,False,False,False,1.0,heuristic-high,c90436edc8a3a578,train
0,solid parenting,Tumblr is the new drug. I'd much prefer my kids on 4chan tbh,videos,TheJarhead,1.0,1.0,0.0,False,False,True,2015-09,2015-09-08 06:15:06,2015,9,6,1,15,2,1,7.0,0,0,0,0,0,0.0,0,0,0,0,0,0,0,False,False,13,60,False,0.0,0.15384616,False,False,False,0.755,heuristic-high,cd68b19ed6b9bd58,train
1,"It obviously has nothing to do with differences on a biological level that lead to different genders, on average, tending towards different areas of study","On the whole, they are less interested in it. They receive more scholarships and incentives to enter the field, and yet they still do not take part en masse. It is not stupid, it is very reasonable.",todayilearned,KickItNext,3.0,3.0,0.0,False,False,False,2015-09,2015-09-19 06:17:37,2015,9,6,5,154,25,1,5.12,0,0,0,0,0,0.0,0,0,0,0,0,0,1,False,False,37,198,False,0.0851063829787234,0.6756757,False,False,False,1.0,heuristic-high,a6b6fc844b9f9034,train
1,No we will all be speaking Arabic and be marked as dhimmi.,Will any German language survive until the 22nd?,europe,Chrisixx,2.0,2.0,0.0,False,False,False,2015-10,2015-10-06 10:42:03,2015,10,10,1,58,12,1,3.8333333333333335,0,0,0,0,0,0.0,0,0,0,0,0,0,0,False,False,8,48,False,0.05555555555555555,1.5,False,False,False,1.0,heuristic-high,55b9a839696fa34b,train
1,Maybe Congress should form a committee to look into this,Four Arsons in 74 Days at Planned Parenthood Clinics,politics,upnorthgirl,10.0,10.0,0.0,False,False,False,2015-10,2015-10-09 22:30:20,2015,10,22,4,56,10,1,4.7,0,0,0,0,0,0.0,0,0,0,0,0,0,0,False,False,8,52,False,0.0,1.25,False,False,False,1.0,heuristic-high,3eaacb4829482fce,train
1,"Because blacks can't commit racially motivated hate crimes, remember?",Why haven't this shooting been labeled as a hate crime? Shooting was racially motivated. Shooter felt he was a victim of racial injustice while his two white coworkers managed to move on ahead of their careers vs his...,WTF,Ovedya2011,13.0,13.0,0.0,False,False,False,2015-08,2015-08-26 17:18:31,2015,8,17,2,69,9,1,6.555555555555555,0,1,0,0,0,0.0,0,0,0,0,0,0,0,False,False,38,219,False,0.07692307692307693,0.23684211,False,False,False,0.7472222222222222,heuristic-high,f8774a466b14edef,train
0,"Just what the fuck is a ""neutral expression of free speech"" exactly?",As if having a fucking monument for somebody were a neutral expression of free speech...,Anarchism,aspensmonster,6.0,6.0,0.0,False,False,False,2015-06,2015-06-23 20:18:32,2015,6,20,1,68,12,1,4.5,0,1,0,0,0,0.0,0,0,1,0,0,0,0,False,False,15,88,False,0.3,0.8,False,False,False,1.0,heuristic-high,384b3cc13e0c29ea,train
0,I like fighting Sonmi he gives me a run for my money in CQC sniping.,"As Lex already stated, albeit in a particularly direct manner, TR doesn't really have anything. NC has TIW, lACl, and SBW (though I would say we generally have more people on NC than DA does). VS has AC and DA. Well that's all I got. If you want to look at joining AC, talk to Visi, Maxi, or D1s. I don't know how TIW recruits, but I would talk to Pizza, and DA has an app on their website (I think).",Planetside,Sorros,1.0,1.0,0.0,False,False,True,2015-02,2015-02-10 20:30:05,2015,2,20,1,68,15,1,3.533333333333333,0,0,0,0,1,0.06666666666666667,0,0,0,0,0,0,0,False,False,82,400,False,0.04,0.18292683,False,False,False,1.0,heuristic-high,7a28bf1c4706c110,train
1,Wow le gentlesir you are euphoric atheist [tip le fedora],"The Abrahamic god is a terrorist. ""Do what I tell you or go to hell."" That's pretty much the definition of terrorism.",AskReddit,Tree_Boar,-1.0,-1.0,0.0,True,False,True,2015-01,2015-01-08 16:00:16,2015,1,16,3,57,10,1,4.6,0,0,0,0,0,0.0,0,0,0,0,0,0,1,True,True,22,117,False,0.034482758620689655,0.45454547,False,False,False,0.825,heuristic-high,d78b61fe8dda5094,train
1,yeah same bro i got like 4 TOTY players in one pack,"I thought that after I packed TOTY Kroos... But nope, then came Silva, then Messi, Then Ronaldo...",FIFA,cicc0s,-1.0,-1.0,0.0,True,False,True,2015-01,2015-01-19 08:42:47,2015,1,8,0,51,11,1,3.5454545454545454,0,0,0,0,1,0.09090909090909091,0,0,0,0,0,0,1,True,True,17,98,False,0.08695652173913043,0.64705884,False,False,False,0.9681818181818183,heuristic-high,f59811b148d83f1d,train
1,"I know right, unbelievable!",Nearly an ounce per person all in one go was too much? Nah man that can't be...,trees,Michaeltlasley,2.0,2.0,0.0,False,False,False,2015-02,2015-02-25 16:15:38,2015,2,16,2,27,4,1,5.5,1,0,0,0,0,0.0,0,0,0,0,0,0,1,False,False,17,79,False,0.0,0.23529412,False,False,False,1.0,heuristic-high,2b717b363f01ad7a,train
0,But slavery is illegal OP.,I'll have one please,aww,Azrael1911,1.0,1.0,0.0,False,False,True,2014-11,2014-11-18 03:20:24,2014,11,3,1,26,5,1,4.2,0,0,0,0,1,0.2,0,0,0,0,0,0,0,False,False,4,20,False,0.0,1.25,False,False,False,1.0,heuristic-high,0841ecbaee1aab71,train
1,Thank you for adding such a respectful comment to add to the discussion.,150 London musicians gather to support the Western imperialist project that spurs on such massacres.,classicalmusic,_Gizmo_,7.0,7.0,0.0,False,False,False,2015-01,2015-01-09 23:12:43,2015,1,23,4,72,13,1,4.538461538461538,0,0,0,0,0,0.0,0,0,0,0,0,0,0,False,False,14,100,False,0.13043478260869565,0.9285714,False,False,False,1.0,heuristic-high,7397e35d668019e4,train
0,As far as I know the only way to get in is someone that's already in it invites you,"Wait, how do you go about getting invited into the program?",xboxone,scotteh_yah,2.0,2.0,0.0,False,False,False,2015-06,2015-06-17 02:32:59,2015,6,2,2,83,19,1,3.4210526315789473,0,0,0,0,0,0.0,0,0,0,0,0,0,0,False,False,11,59,False,0.07692307692307693,1.7272727,False,False,False,1.0,heuristic-high,25514ecf79909f50,train
0,"well I did hear we are looking for a veteran 3, he fits the role so we might give him a tryout.","Love says he's staying in Cleveland, hours later LeBron opts out. LeBron to the Kings confirmed!",nba,save_the_pigs,20.0,20.0,0.0,False,False,False,2015-06,2015-06-28 23:49:33,2015,6,23,6,95,21,1,3.380952380952381,0,0,0,0,0,0.0,0,0,0,0,0,0,1,True,True,16,96,False,0.030303030303030304,1.3125,False,False,False,1.0,heuristic-high,73d18f2e8647dc5a,train
0,Then you should know he said we shouldn't be downvoting the criticisms,Yes.,Cynicalbrit,tacky1151,2.0,2.0,0.0,False,False,False,2015-03,2015-03-05 13:42:56,2015,3,13,3,70,12,1,4.916666666666667,0,0,0,0,0,0.0,0,0,0,0,0,0,0,False,False,1,4,False,0.0,12.0,False,False,False,1.0,heuristic-high,e7596fa9e4eb93b8,train
0,We are now ka-tet.,Hail! Fellow dark tower reader!,iphone,crimsonnate,2.0,2.0,0.0,False,False,False,2015-01,2015-01-04 14:48:47,2015,1,14,6,18,5,1,2.6,0,0,0,0,0,0.0,0,0,0,0,0,0,0,False,False,5,31,False,0.0,1.0,False,False,False,1.0,heuristic-high,05c469a6a7c68eea,train
1,Continuing a proud American tradition.,"In Arizona, a controversial federal land swap leaves Apaches in the lurch: Why is Congress giving federally protected Arizona land sacred to the Apache to a massive mining conglomerate?",news,happilydoge,4.0,4.0,0.0,False,False,False,2015-02,2015-02-21 06:40:14,2015,2,6,5,38,5,1,6.6,0,0,0,0,0,0.0,0,0,0,0,0,0,0,False,False,29,185,False,0.037037037037037035,0.1724138,False,False,False,0.9299999999999999,heuristic-high,346f94cb6c722862,train
0,Why is it in english then?,This is a feature in China iirc but not in any other region,leagueoflegends,RectumExplorer--,2.0,2.0,0.0,False,False,False,2015-02,2015-02-03 00:40:15,2015,2,0,1,26,6,1,3.3333333333333335,0,1,0,0,0,0.0,0,0,0,0,0,0,0,False,False,13,59,False,0.125,0.46153846,False,False,False,1.0,heuristic-high,825868fa3a17f928,train
1,GNR4LYFE,Buckethead is so great. I'm glad there's someone out there who likes him too,deathgrips,OG_Pow,1.0,1.0,0.0,False,False,True,2015-01,2015-01-06 01:54:57,2015,1,1,1,8,2,1,3.5,0,0,0,0,0,0.0,0,0,0,0,0,0,0,False,False,14,76,False,0.0,0.14285715,False,False,False,0.755,heuristic-high,30ada8b6bcc8430e,train
1,"Wow, it's like the M4 was created by CSGO!",Looks like I found a M4A4-S,GlobalOffensive,GamingRedditor,1.0,1.0,0.0,False,False,True,2015-04,2015-04-26 22:18:19,2015,4,22,6,42,9,1,3.4444444444444446,1,0,0,0,1,0.1111111111111111,0,0,0,0,0,0,1,True,True,8,27,False,0.14285714285714285,1.125,False,False,False,1.0,heuristic-high,7ca9d7c314437302,train
1,typical big tobacco shill...,"If smoking is so bad, then how does it cure salmon?",Showerthoughts,texastoasty,0.0,0.0,0.0,False,False,True,2015-04,2015-04-29 02:48:46,2015,4,2,2,28,4,1,5.5,0,0,1,1,0,0.0,0,0,0,0,0,0,0,False,False,11,51,False,0.0,0.36363637,False,False,False,0.755,heuristic-high,a2fa4ab7da577bd0,train
1,Well smacking a player on the elbow is a foul he just used his face instead of hands like most players,Just consider it a makeup call for Otto Porter elbowing Al in the face earlier and the foul call went on Al.,nba,zackry93,2.0,2.0,0.0,False,False,False,2015-02,2015-02-03 01:09:31,2015,2,1,1,102,21,1,3.9047619047619047,0,0,0,0,0,0.0,0,0,0,0,0,0,1,True,True,22,108,False,0.18181818181818182,0.95454544,False,False,False,1.0,heuristic-high,94757dd11210b029,train
0,Considering the amount of hipsters already there,So they can say they were first,news,Hektik352,1.0,1.0,0.0,False,False,True,2015-01,2015-01-18 21:25:18,2015,1,21,6,48,7,1,6.0,0,0,0,0,0,0.0,0,0,0,0,0,0,0,False,False,7,31,False,0.0,1.0,False,False,False,1.0,heuristic-high,41569c9c1cba7c2e,train
0,Probably helps your heart by not eating it.,This hurts my heart,Austin,defroach84,8.0,8.0,0.0,False,False,False,2015-06,2015-06-18 02:26:30,2015,6,2,3,43,8,1,4.375,0,0,0,0,0,0.0,0,0,0,0,0,0,0,False,False,4,19,False,0.09090909090909091,2.0,False,False,False,1.0,heuristic-high,6151d0581bb4835c,train
1,"Tones will designate the BBC a terrorist organization, problem solved.",The LNP has no means to bully the BBC whereas it has every means to bully Australian journalists,australia,Cybrknight,7.0,7.0,0.0,False,False,False,2015-06,2015-06-13 07:22:54,2015,6,7,5,70,10,1,5.9,0,0,0,0,1,0.1,0,0,0,0,0,0,0,False,False,18,96,False,0.09523809523809523,0.5555556,False,False,False,0.9125,heuristic-high,b75baf20225bef0e,train
1,But internet petitions always work!,Welp lets see how little this does,Steam,AndrewPH,129.0,129.0,0.0,False,False,False,2015-04,2015-04-24 23:22:50,2015,4,23,4,35,5,1,6.0,1,0,0,0,0,0.0,0,0,0,0,0,0,0,False,False,7,34,False,0.0,0.71428573,False,False,False,1.0,heuristic-high,6b2c09aee84dc393,train
0,Hey that's down the road from..... nevermind.,"Yeah, could've been college in Florida shudder glares at Full Sail",funny,habeas_corpse,1.0,1.0,0.0,False,False,True,2015-06,2015-06-07 16:34:47,2015,6,16,6,45,7,2,4.714285714285714,0,0,1,1,0,0.0,0,0,0,0,0,0,0,False,False,11,66,False,0.0,0.6363636,False,False,False,0.8999999999999999,heuristic-high,cf1c0e95530e75c3,train
1,Its just hard to convey without the,lost on most people in this sub nowadays haha,CFB,lebaronslebaron,2.0,2.0,0.0,False,False,False,2015-02,2015-02-19 15:44:58,2015,2,15,3,35,7,1,4.142857142857143,0,0,0,0,0,0.0,0,0,0,0,0,0,0,False,False,9,45,False,0.0,0.7777778,False,False,False,1.0,heuristic-high,abc94dd63d5eb15a,train
1,"thats such a great idea, lets just stop interstate commerce",Perhaps they might want to stop paying for your highways.,maryland,narcedmonkey,-5.0,-5.0,0.0,False,False,False,2015-01,2015-01-17 13:34:56,2015,1,13,5,59,10,1,4.9,0,0,0,0,0,0.0,0,0,0,0,0,0,1,False,False,10,57,False,0.05263157894736842,1.0,False,False,False,0.825,heuristic-high,6be9b581059ccfc4,train
0,Well you know how Gullivar is; he probably landed in Rome and thought it was Greece!,"Just in case someone doesn't get it; gladiators started in Rome and remained a ROMAN icon, not Greek. So, gladiator sandals is basically a way of saying ""we don't know anything about Greece."" I would have much preferred Hermes' Sandals, or say a statue of Athena, which would have been really neat. I don't mind if it's something cliche, but at least they could have gotten the country right. /endrant. Sorry...I just happen to have a degree in Classics, so these little things make me sad.",AnimalCrossing,themonoceros,5.0,5.0,0.0,False,False,False,2014-09,2014-09-18 21:18:56,2014,9,21,3,84,16,1,4.1875,1,0,0,0,0,0.0,0,0,0,0,0,0,1,True,True,87,490,False,0.0875,0.18390805,False,False,False,1.0,heuristic-high,f6d10528ec12252e,train
1,"Easy dude, are you lazy or no lazy?",Stuck on the P/J part of INTx I'm not sure whether I'm an INTP or an INTJ. How do I distinguish between extroverted intuition and introverted intuition?,mbti,Azayaz,2.0,2.0,0.0,False,False,False,2014-06,2014-06-04 12:12:41,2014,6,12,2,35,8,1,3.25,0,1,0,0,0,0.0,0,0,0,0,0,0,0,False,False,28,152,False,0.03225806451612903,0.2857143,False,False,False,1.0,heuristic-high,a262e149e727081d,train
0,B2S as a whole always serves me well as birth control...,No better birth control.,childfree,biblio13,3.0,3.0,0.0,False,False,False,2014-08,2014-08-14 16:17:42,2014,8,16,3,56,12,1,3.5,0,0,1,1,0,0.0,0,0,0,0,0,0,1,False,False,4,24,False,0.15384615384615385,3.0,False,False,False,1.0,heuristic-high,2e258b5295d37808,train
1,"you can't have both an underbarrel tube and IED, clearly you don't use them enough to know, scrub","At least you didn't say Ghillie Suit M27 thermal with noob tube and kastet, and IED with extra lethal and Danger Close.",CODGhosts,Avokus,1.0,1.0,0.0,False,False,True,2014-08,2014-08-11 02:19:36,2014,8,2,0,97,18,1,4.333333333333333,0,0,0,0,1,0.05555555555555555,0,0,0,0,0,0,1,False,False,22,119,False,0.125,0.8181818,False,False,False,1.0,heuristic-high,8ea416681bb13685,train
0,What about a games only subscription for those who don't have friends...,"PS4 owners, would you prefer a multiplayer only subscription at a cheaper price? I have a PS4 and I was forced to buy the PS Plus for the multiplayer but I didn't download or grab a single PS Plus game that was offered. I understand it's a new console but 6+ months of 2d games on ""next gen console"" is silly (some even showed up on the humble bundle for $1). So I was wondering if other people are on the same boat as me who would prefer buying a PS plus multiplayer for $20-25 rather than paying $50 and have the free games that they will never play or bother downloading.",PlayStationPlus,myrmagic,12.0,12.0,0.0,False,False,False,2014-10,2014-10-29 20:05:28,2014,10,20,2,72,12,1,4.833333333333333,0,0,1,1,0,0.0,0,0,0,0,0,0,0,False,False,108,574,False,0.09090909090909091,0.11111111,False,False,False,1.0,heuristic-high,3d851f65eabe4362,train
1,"The deal wasn't for when I was not broke, but when I was not broke right now.","Ok, I can wait until you have a spare $4. Tag me with RES so you don't forget.",AdviceAnimals,jimmydorry,1.0,1.0,0.0,False,False,True,2014-05,2014-05-28 03:34:15,2014,5,3,2,77,17,1,3.4705882352941178,0,0,0,0,0,0.0,0,0,0,0,0,0,1,False,False,17,78,False,0.037037037037037035,1.0,False,False,False,1.0,heuristic-high,d15ada9e5165db88,train
1,Esto estaba estudiado.,El unico tipo sensato que hubo esta presidencia en economia. Cagamos todos.,argentina,yorugua,1.0,1.0,0.0,False,False,True,2014-10,2014-10-02 12:45:30,2014,10,12,3,22,3,1,6.333333333333333,0,0,0,0,0,0.0,0,0,0,0,0,0,0,False,False,12,75,False,0.0,0.25,False,False,False,0.755,heuristic-high,02c2bca30dd09dea,train
1,"Don't teach me to not read texts while driving, teach yourself not to send me texts while I'm driving.","It's instructional how the advice to not text your loved ones when you know they're driving comes before not to use the phone when you are driving. It's a bit of your fault, because you knew she was driving and yet you texted her. You know what, it's all your fault actually. You could've been more thoughtful. We must educate SMS sender instead of shaming women just because they used their phone while driving. A girl has a right to... You get the idea. It starts with little things. Subtle, they make a friendly note for sender before dispensing the actual, sensible and fucking useful advice.",TheRedPill,redpillbanana,10.0,10.0,0.0,False,False,False,2014-10,2014-10-30 13:48:50,2014,10,13,3,102,19,1,4.315789473684211,0,0,0,0,0,0.0,0,0,0,0,0,0,0,False,False,106,598,False,0.04938271604938271,0.17924528,False,False,False,0.9263157894736842,heuristic-high,0508ce1d1ee694ee,train
1,How dare the majority recognize the minority as humans!,"Ahh yes, everyone else change for a few.",Jokes,Toroxus,-4.0,-4.0,0.0,False,False,False,2014-05,2014-05-09 15:36:31,2014,5,15,4,55,9,1,5.111111111111111,1,0,0,0,0,0.0,0,0,0,0,0,0,0,False,False,8,40,False,0.0,1.125,False,False,False,1.0,heuristic-high,ad2183ec740ddf68,train
1,"Yea, we should have let our people get slaughtered, instead of surviving and saving our jewish population later","Even France lasted longer than 2 hours. Get your shit together, Denmark.",todayilearned,MrStrange15,1.0,1.0,0.0,False,False,True,2014-06,2014-06-08 14:11:06,2014,6,14,6,111,18,1,5.111111111111111,0,0,0,0,0,0.0,0,0,0,0,0,0,1,True,True,11,72,False,0.037037037037037035,1.6363636,False,False,False,1.0,heuristic-high,e7fd61d5b9d5bc15,train
1,"and when both parents work, it's child neglect.",Feminist logic on breaking through traditional gender roles.,AdviceAnimals,kmaster2520,1.0,1.0,0.0,False,False,True,2014-09,2014-09-23 23:07:22,2014,9,23,1,47,8,1,4.75,0,0,0,0,0,0.0,0,0,0,0,0,0,0,False,False,8,60,False,0.0,1.0,False,False,False,0.978125,heuristic-high,fd00484f4f405f15,train
0,"Exactly, he probably only had a few seconds to react.",The officer was a 19 year veteran... I'm willing to bet he acted accordingly... not that it it doesn't suck to see a loss of life.,news,whatsinthesocks,7.0,7.0,0.0,False,False,False,2014-08,2014-08-17 06:10:56,2014,8,6,6,53,10,1,4.2,0,0,0,0,0,0.0,0,0,0,0,0,0,0,False,False,25,130,False,0.10344827586206896,0.4,False,False,False,1.0,heuristic-high,595013d62aa761df,train
1,We need a scroll functionality in chat to before we take care of all these bots!,"the game is filled with hacks, exploits, bots and spam and you want to waste time on a custom chat channel ? ..",archeage,Starslinger,5.0,5.0,0.0,False,False,False,2014-10,2014-10-17 05:13:44,2014,10,5,4,80,16,1,4.0,1,0,0,0,0,0.0,0,0,0,0,0,0,0,False,False,21,111,False,0.12903225806451613,0.7619048,False,False,False,1.0,heuristic-high,469a634966254047,train
1,It was THAT funny of an idea!,3 photos for this? Lol,retrogaming,Creature_73L,1.0,1.0,0.0,False,False,True,2014-07,2014-07-04 04:22:20,2014,7,4,4,29,7,1,3.142857142857143,1,0,0,0,1,0.14285714285714285,0,0,0,0,0,0,0,False,False,4,22,False,0.0,1.75,False,False,False,1.0,heuristic-high,fde93da6825c579a,train
0,"It doesn't take a lot to impress you, does it?","Wow. Ant might actually pull this thing off... I've had my doubts, but so far so good.",opieandanthony,phlammo,2.0,2.0,0.0,False,False,False,2014-07,2014-07-12 18:46:19,2014,7,18,5,46,10,1,3.5,0,1,0,0,0,0.0,0,0,0,0,0,0,0,False,False,17,86,False,0.0,0.5882353,False,False,False,1.0,heuristic-high,47854401f58628da,train
0,Don't you get fined for misusing 911?,"This was in Scootdale AZ, She open her door and hit my car on purpose. Then called 911 on me, They showed up, I apologized for wasting their time. They told her to leave, then told me they were sorry for people like that. To my defense, I drive a scion IQ, This rental was a full size car. I should have paid attention to the white line, but come on....",WTF,thebuccaneersden,1.0,1.0,0.0,False,False,True,2014-03,2014-03-12 23:58:41,2014,3,23,2,37,6,1,4.5,0,1,0,0,0,0.0,0,0,0,0,0,0,0,False,False,70,353,False,0.017543859649122806,0.08571429,False,False,False,1.0,heuristic-high,7efc94462dcc6b62,train
0,The Golden Girls theme.,"What other songs should Bray Wyatt sing? I've been seeing people bitch about Bray's singing a lot the past couple day, and one of the main things I see is them saying that he should change songs. Although I like his current thing I'm not against him changing songs for new feuds or whatever. The thing is, I don't really know what songs he'd sing and for what opponents. Your thoughts?",SquaredCircle,brainkandy87,2.0,2.0,0.0,False,False,False,2014-04,2014-04-27 04:45:29,2014,4,4,6,23,4,1,4.75,0,0,0,0,0,0.0,0,0,0,0,0,0,0,False,False,71,385,False,0.01694915254237288,0.056338027,False,False,False,0.97375,heuristic-high,26014ba396a9af29,train
1,"He could have done anything and people would have still said it's shit, fuck him for doing something new.",I guess I'm the only one who actually thinks the album cover is pretty dope.,hiphopheads,reatjwtji6ua,-5.0,-5.0,0.0,False,False,False,2014-03,2014-03-17 19:58:16,2014,3,19,0,105,19,1,4.473684210526316,0,0,0,0,0,0.0,0,0,0,0,0,0,0,False,False,15,76,False,0.0,1.2666667,False,False,False,1.0,heuristic-high,590347a06fcf1a65,train
0,My thoughts too,Does sound pretty good. I think the buildup needs some better sounds tho.,Monstercat,milanbourbeck,1.0,1.0,0.0,False,False,True,2014-05,2014-05-04 16:11:13,2014,5,16,6,15,3,1,4.333333333333333,0,0,0,0,0,0.0,0,0,0,0,0,0,0,False,False,13,73,False,0.0,0.23076923,False,False,False,1.0,heuristic-high,d7f8c01b205732ac,train
0,Tired as hell but have to get up.,What is a clear sign that you're about to have a shitty day?,AskReddit,ActionFilmsFan1995,1.0,1.0,0.0,False,False,True,2014-06,2014-06-25 23:06:08,2014,6,23,2,33,8,1,3.125,0,0,0,0,0,0.0,0,0,0,0,0,0,0,False,False,13,60,False,0.1111111111111111,0.61538464,False,False,False,1.0,heuristic-high,d7586de72460b1a4,train
1,Why would he join the Wizards?,He said the same thing about Lebron last year!,nba,dilln,94.0,94.0,0.0,False,False,False,2014-07,2014-07-15 14:19:02,2014,7,14,1,30,6,1,4.0,0,1,0,0,0,0.0,0,0,0,0,0,0,0,False,False,9,46,False,0.15384615384615385,0.6666667,False,False,False,1.0,heuristic-high,b5bd99264ea5cf0e,train
1,but... but I thought alcohol (and pubs by extension) was a tool of the patriarchal rapist oppressors...,"My University Pub is having a ""Social Justice Rave"" tomorrow night. Do I go to watch the fireworks? yeah, title says it all. would you gents like me to attend and document the event? It's being described as ""An hour of fun and thinking as we ""rant"" about a number of issues related to diversity and social justice. Poems, raps, skits, statements and manifestos.""",SocialJusticeTales,cRaZyDaVe23,1.0,1.0,0.0,False,False,True,2014-08,2014-08-29 16:40:35,2014,8,16,4,103,17,2,4.647058823529412,0,0,2,2,0,0.0,0,0,0,0,0,0,0,False,False,64,362,False,0.078125,0.265625,False,False,False,1.0,heuristic-high,1b62287462be3703,train
0,Ill get there eventually!,dat woodcutting grind.,runescape,SparkStorm,1.0,1.0,0.0,False,False,True,2014-01,2014-01-18 18:20:22,2014,1,18,5,25,4,1,5.25,1,0,0,0,0,0.0,0,0,0,0,0,0,0,False,False,3,22,False,0.0,1.3333334,False,False,False,1.0,heuristic-high,168b690c9e07e410,train
0,"For example, the Iron dome system could be used to protect US soldiers.","I think I understand, but can you elaborate?",worldnews,InDeoRideo,13.0,13.0,0.0,False,False,False,2014-08,2014-08-05 12:09:42,2014,8,12,1,71,13,1,4.384615384615385,0,0,0,0,1,0.07692307692307693,0,0,0,0,0,0,0,False,False,8,44,False,0.0,1.625,False,False,False,1.0,heuristic-high,4e6e691c76dbada4,train
0,I'd ask what you did think was a big deal and worth expending energy on.,"If I said I did not think it was that big deal, would you say I was uneducated?",PoliticalDiscussion,Teialiel,1.0,1.0,0.0,False,False,True,2013-11,2013-11-13 07:59:53,2013,11,7,2,72,15,1,3.8,0,0,0,0,0,0.0,0,0,0,0,0,0,0,False,False,18,79,False,0.25,0.8333333,False,False,False,1.0,heuristic-high,04e83fbda6280fe7,train
0,"Chobits, yay!",This makes me now know that getting a wife is obsolete because if I hold out awhile longer I can get a harem of robotic women to wait on me hand and foot. Fuck yeah future!,videos,Chachamaru,1.0,1.0,0.0,False,False,True,2011-12,2011-12-04 08:03:14,2011,12,8,6,13,2,1,5.0,1,0,0,0,0,0.0,0,0,0,0,0,0,0,False,False,36,172,False,0.0,0.055555556,False,False,False,0.755,heuristic-high,b3fcae6cbf417f5e,train
1,So selfish of you.,"Judged by people with kids for purchasing expensive things My mom and sister are thrifty parents and like to stretch dollar to the limit. They are always asking me to go shopping with them, but I hate going with them. If I buy anything that isn't on a clearance rack or a shirt that costs more than $10, they start giving me looks like I'm blowing money or being irresponsible. They are used to buying really crappy stuff for themselves, then buy really nice stuff for kids. I realize they think life is supposed to work this way, but I really wish they would back off.",childfree,r_rships_account,1.0,1.0,0.0,False,False,True,2013-06,2013-06-24 11:44:56,2013,6,11,0,18,4,1,3.5,0,0,0,0,0,0.0,0,0,0,0,0,0,0,False,False,105,569,False,0.0,0.03809524,False,False,False,1.0,heuristic-high,fc4660bfedbfbd19,train
1,"Wow, I wish I could be as smart as you","It honestly didn't shock me. I saw it a mile away. [Bioshock Infinite Spoiler]( s ""I could tell from the very beginning that Elizabeth was Comstock's daughter, and I knew the moment parallel universes were introduced that Booker was also Comstock. Knew Booker would kind of die the moment he mentioned strangling Comstock in the crib."") Hard to feel like you've been punched in your gut when the ending was so blindingly obvious.",AskReddit,CUtigers2016,19.0,19.0,0.0,False,False,False,2013-11,2013-11-21 14:18:36,2013,11,14,3,38,10,1,2.8,0,0,0,0,0,0.0,0,0,0,0,0,0,1,True,True,73,430,False,0.03125,0.1369863,False,False,False,1.0,heuristic-high,a912d172afaf3138,train
0,stan the man!,Today is the 91st birthday of Stan Lee!,pics,GalileoGalilei2012,1.0,1.0,0.0,False,False,True,2013-12,2013-12-28 17:30:11,2013,12,17,5,13,3,1,3.3333333333333335,1,0,0,0,0,0.0,0,0,0,0,0,0,0,False,False,8,39,False,0.2222222222222222,0.375,False,False,False,1.0,heuristic-high,0a58416f2ce87ba9,train
1,"Not true, everyone should know everything, ever, the moment they are born.",If you know history now there was a time you didn't.,todayilearned,warlockghost,9.0,9.0,0.0,False,False,False,2013-09,2013-09-05 14:39:37,2013,9,14,3,74,12,1,4.916666666666667,0,0,0,0,0,0.0,0,0,0,0,0,0,0,False,False,11,52,False,0.047619047619047616,1.0909091,False,False,False,1.0,heuristic-high,35cf1aa6c9a25e4d,train
0,Suddenly GregTech.,"For people not able to see images due to different reasons: 1. Get a silktouch anything, go to the nether, mine Pyrite ore (make sure you get the ore blocks) 2. Together with sand throw it in the Induction smelter 3. You get 2 Iron and a 20% chance of rich slag per ore and sand 4. No more iron worries :)",feedthebeast,Zugbug,7.0,7.0,0.0,False,False,False,2013-01,2013-01-19 15:10:26,2013,1,15,5,18,2,1,8.0,0,0,0,0,0,0.0,0,0,0,0,0,0,0,False,False,55,305,False,0.0,0.036363635,False,False,False,0.755,heuristic-high,fa94063c68fef6fe,train
1,And strip clubs are matriarchal institutions because most of the strippers are women.,"This post describes bad behaviour by women. How does this criticize feminism? Anecdotal stories of women behaving badly does not in any way form any kind of argument against feminism, just as anecdotal stories of men behaving badly does not in any way form an argument for feminism. It might be used as such, but it isn't a valid argument. Statistical studies of behaviour linked to gender might be. It is, however, not a valid argument for sexism. And yes, I see how this is a privilege women have and might abuse. However, I would consider women to be underprivileged in this situation (clubbing and bars), and if one is underprivileged then using the ones you got is not that terrible, in my opinion. A lot of people here talk a lot about the new laws concerning alcohol and rape in the states, I lack insight in those and in American bar and club culture, so I won't try to form any kind of argument around those. However in Sweden, bars and clubs are still a patriarchal institution. It's run by men, the guards are mostly men, most of the guests are men, the DJ:s are mostly men. I never have troubles with drunk older women pursuing me, my female friends often get bothered by drunk male assholes. I'm not afraid when I walk home at night, my female friends are.",MensRights,tallwheel,2.0,2.0,0.0,False,False,False,2013-07,2013-07-22 08:22:58,2013,7,8,0,85,13,1,5.538461538461538,0,0,0,0,0,0.0,0,0,0,0,0,0,0,False,False,232,1269,False,0.05263157894736842,0.056034483,False,False,False,1.0,heuristic-high,67d6908b43c3b34d,train
1,At least no one is smoking that devil-weed or there would be even more deaths.,"Drug overdoses are the leading cause of accidental death in West Virginia, and the state leads the country in fatal drug overdoses. OxyContin - nicknamed ""hillbilly heroin"" - is king.",news,Duthos,2.0,2.0,0.0,False,False,False,2012-08,2012-08-28 21:47:52,2012,8,21,1,78,16,1,3.875,0,0,0,0,0,0.0,0,0,0,0,0,0,0,False,False,28,183,False,0.02631578947368421,0.5714286,False,False,False,1.0,heuristic-high,2cf2e823804e03f2,train
0,"hungerartist_ wrote: ""i'd stuff her turkey"" +192 ""I'd fuck your sister"" +82 And like a million others.","""Obligatory comment about nailing your sister""",doublespeakprivilege,pixis-4950,1.0,1.0,0.0,False,False,True,2013-11,2013-11-29 01:25:27,2013,11,1,4,102,15,1,4.8,0,0,0,0,0,0.0,0,0,2,0,0,0,0,False,False,6,46,False,0.1111111111111111,2.5,False,False,False,0.9416666666666667,heuristic-high,42bc5b3b2b68acb3,train
0,"""commentsaboutusernam"" that was me, but i haven't used it in a while","I have been approached by 2 or 3 different users with usernames that couldn't fit the length, I don't recall any of them being novelty accounts, though.",AdviceAnimals,ToastyRaichu,5.0,5.0,0.0,False,False,False,2012-06,2012-06-20 18:04:33,2012,6,18,2,68,12,1,4.5,0,0,0,0,0,0.0,0,0,1,0,0,0,0,False,False,25,152,False,0.058823529411764705,0.48,False,False,False,1.0,heuristic-high,c38af1aa2f5a75d4,train
1,"Hey man, Zack Ryder just doesn't have the LOOK of a champion--I mean, look at Christian, just not world champion material!","So A-Ry has no charisma or real talent and he gets in a thrown together US Title match, but Zack Ryder can't even get a match two weeks in a row on Raw?",SquaredCircle,savingrain,2.0,2.0,0.0,False,False,False,2011-09,2011-09-13 03:33:53,2011,9,3,1,122,22,1,4.363636363636363,1,0,0,0,1,0.045454545454545456,0,0,0,0,0,0,0,False,False,34,152,False,0.06666666666666667,0.64705884,False,False,False,1.0,heuristic-high,b4291a7fad2011c9,train
0,"UR GF is a QT3.14 Which do you play with more, your metal bucket or your Wii?",1) Girlfriend 2) Yeah but Basketball,guns,el_Sharko,8.0,8.0,0.0,False,False,False,2013-12,2013-12-04 20:56:08,2013,12,20,2,77,17,2,3.235294117647059,0,1,0,0,2,0.11764705882352941,0,0,0,0,0,0,0,False,False,4,36,False,0.0,4.25,False,False,False,1.0,heuristic-high,427567eed8224306,train
1,Good to know the crime lab isn't backlogged with anything important like rape or murder cases,I'm quite sure CSI got involved because the soda was stolen.,sandiego,needmoretape,3.0,3.0,0.0,False,False,False,2013-09,2013-09-09 21:49:53,2013,9,21,0,93,16,1,4.875,0,0,0,0,0,0.0,0,0,0,0,0,0,0,False,False,11,60,False,0.038461538461538464,1.4545455,False,False,False,1.0,heuristic-high,99519776fbbf760b,train
0,H1-B's need to go away,Who's Hiring H-1B Visa Workers? It's Not Who You Might Think,technology,NewThoughtsForANewMe,0.0,0.0,0.0,False,False,True,2013-04,2013-04-05 17:57:24,2013,4,17,4,22,6,1,2.6666666666666665,0,0,0,0,0,0.0,0,0,0,0,0,0,0,False,False,12,60,False,0.058823529411764705,0.5,False,False,False,0.9416666666666667,heuristic-high,64c6bc02a6f8fb50,train
1,Ah so that makes it all ok then.,She was only there for the 1st shot. She had work in the morning and had to go to bed. I went upstairs,teenagers,nerdscallmegeek,1.0,1.0,0.0,False,False,True,2013-05,2013-05-13 16:25:31,2013,5,16,0,32,8,1,3.0,0,0,0,0,0,0.0,0,0,0,0,0,0,2,True,True,23,102,False,0.0,0.3478261,False,False,False,1.0,heuristic-high,dd55b7af454b2475,train
1,But shocking;y he did not GIDP... It was ARod's best at bat of the series that was not in the 8th inning of game 4.,Not to mention that gorgeous bases loaded situation he swung out on too.,yankees,staiano,1.0,1.0,0.0,False,False,True,2011-10,2011-10-07 18:33:38,2011,10,18,4,115,25,2,3.36,0,0,1,1,1,0.04,0,0,0,0,0,0,1,False,False,13,72,False,0.0967741935483871,1.9230769,False,False,False,1.0,heuristic-high,c93acc630f7aaf7f,train
1,The building in which the draw takes place has not begun to be constructed yet,The Preliminary Draw for the 2014 World Cup is happening at 3pm local time today in Rio.,soccer,Rouhani_9,1.0,1.0,0.0,False,False,True,2011-07,2011-07-30 16:19:18,2011,7,16,5,78,15,1,4.266666666666667,0,0,0,0,0,0.0,0,0,0,0,0,0,0,False,False,16,88,False,0.11538461538461539,0.9375,False,False,False,1.0,heuristic-high,687b397456362c5e,train
0,I miss Mandy and his tormented over acting.,It's not like china is the one hacking the kids... This sounds like just another episode of Criminal Minds.,news,ballstein,2.0,2.0,0.0,False,False,False,2010-05,2010-05-12 17:45:17,2010,5,17,2,43,8,1,4.375,0,0,0,0,0,0.0,0,0,0,0,0,0,0,False,False,19,107,False,0.0,0.42105263,False,False,False,1.0,heuristic-high,eec3b33954a87558,train
0,No we are not 4chan.,Help me send a virus to a Craigslist ebay scammer please?,AskReddit,chak2005,6.0,6.0,0.0,False,False,False,2011-01,2011-01-20 22:42:46,2011,1,22,3,20,5,1,2.8,0,0,0,0,0,0.0,0,0,0,0,0,0,0,False,False,11,57,False,0.0,0.45454547,False,False,False,1.0,heuristic-high,939a958d00988983,train
1,Axis/Communist powers on top ...hmmm,"TIL The USA Current Account Balance is -$561,000,000,000. China's is...",todayilearned,all_or_nothing,1.0,1.0,0.0,False,False,True,2011-04,2011-04-19 21:47:49,2011,4,21,1,36,6,1,4.666666666666667,0,0,1,1,0,0.0,0,1,0,0,0,0,0,False,False,9,71,False,0.0,0.6666667,False,False,False,0.7958333333333334,heuristic-high,9226283030f6446e,train
0,And he told the truth so what's the problem?,"VP Joe Biden on Monday accused Senate GOPers of holding their top members' votes hostage in exchange for ranking committee posts, assailing the GOP as sitting ""on the sidelines"" while the economy nearly collapsed.",politics,gonzone,3.0,3.0,0.0,False,False,False,2010-06,2010-06-30 18:20:13,2010,6,18,2,44,9,1,3.888888888888889,0,1,0,0,0,0.0,0,0,0,0,0,0,0,False,False,34,213,False,0.02631578947368421,0.2647059,False,False,False,1.0,heuristic-high,6325975ac01a33b4,train
